#-----------------------------------------------------------
# Vivado v2024.2 (64-bit)
# SW Build 5239630 on Fri Nov 08 22:35:27 MST 2024
# IP Build 5239520 on Sun Nov 10 16:12:51 MST 2024
# SharedData Build 5239561 on Fri Nov 08 14:39:27 MST 2024
# Start of session at: Mon Nov 25 10:10:46 2024
# Process ID         : 7676
# Current directory  : f:/Xilinx/Handbook-Genesys2/CH9/SystemVerilog/ddr3_controller_ex
# Command line       : vivado.exe -notrace -source f:/Xilinx/Handbook-Genesys2/CH9/SystemVerilog/build/ddr2.gen/sources_1/ip/ddr3_controller/ddr3_controller_ex.tcl
# Log file           : f:/Xilinx/Handbook-Genesys2/CH9/SystemVerilog/ddr3_controller_ex/vivado.log
# Journal file       : f:/Xilinx/Handbook-Genesys2/CH9/SystemVerilog/ddr3_controller_ex\vivado.jou
# Running On         : binghe-p70
# Platform           : Windows Server 2016 or Windows 10
# Operating System   : 19045
# Processor Detail   : Intel(R) Xeon(R) CPU E3-1505M v5 @ 2.80GHz
# CPU Frequency      : 2808 MHz
# CPU Physical cores : 4
# CPU Logical cores  : 8
# Host memory        : 68530 MB
# Swap memory        : 10200 MB
# Total Virtual      : 78731 MB
# Available Virtual  : 61904 MB
#-----------------------------------------------------------
start_gui
source f:/Xilinx/Handbook-Genesys2/CH9/SystemVerilog/build/ddr2.gen/sources_1/ip/ddr3_controller/ddr3_controller_ex.tcl -notrace
INFO: [open_example_project] Creating new example project...
WARNING: [Board 49-26] cannot add Board Part digilentinc.com:arty-s7-25:part0:1.1 available at F:/Xilinx/vivado-boards/new/board_files/arty-s7-25/E.0/board.xml as part xc7s25csga324-1 specified in board_part file is either invalid or not available
WARNING: [Board 49-26] cannot add Board Part digilentinc.com:arty-s7-50:part0:1.1 available at F:/Xilinx/vivado-boards/new/board_files/arty-s7-50/B.0/board.xml as part xc7s50csga324-1 specified in board_part file is either invalid or not available
WARNING: [Board 49-26] cannot add Board Part digilentinc.com:cmod-s7-25:part0:1.0 available at F:/Xilinx/vivado-boards/new/board_files/cmod-s7-25/B.0/board.xml as part xc7s25csga225-1 specified in board_part file is either invalid or not available
WARNING: [Board 49-26] cannot add Board Part xilinx.com:au250:part0:1.2 available at F:/Xilinx/Alveo/board_files/au250/1.2/board.xml as part xcu250-figd2104-2l-e specified in board_part file is either invalid or not available
WARNING: [Board 49-26] cannot add Board Part xilinx.com:au250:part0:1.3 available at F:/Xilinx/Alveo/board_files/au250/1.3/board.xml as part xcu250-figd2104-2l-e specified in board_part file is either invalid or not available
WARNING: [Board 49-26] cannot add Board Part xilinx.com:au50:part0:1.3 available at F:/Xilinx/Alveo/board_files/au50/production/1.3/board.xml as part xcu50-fsvh2104-2-e specified in board_part file is either invalid or not available
INFO: [IP_Flow 19-234] Refreshing IP repositories
INFO: [IP_Flow 19-1704] No user IP repositories specified
INFO: [IP_Flow 19-2313] Loaded Vivado IP repository 'F:/Xilinx/Vivado/2024.2/data/ip'.
create_project: Time (s): cpu = 00:00:36 ; elapsed = 00:00:20 . Memory (MB): peak = 1301.219 ; gain = 219.934
WARNING: [Ipconfig 75-871] Could not load NoC clock tree from device
WARNING: [Ipconfig 75-570] Unable to create NoC or AIE Models.
INFO: [open_example_project] Importing original IP ...
INFO: [open_example_project] Generating the example project IP ...
INFO: [IP_Flow 19-1706] Not generating 'Instantiation Template' target for IP 'ddr3_controller'. Target already exists and is up to date.
INFO: [IP_Flow 19-1706] Not generating 'Synthesis' target for IP 'ddr3_controller'. Target already exists and is up to date.
INFO: [IP_Flow 19-1706] Not generating 'Simulation' target for IP 'ddr3_controller'. Target already exists and is up to date.
INFO: [IP_Flow 19-1706] Not generating 'Implementation' target for IP 'ddr3_controller'. Target already exists and is up to date.
INFO: [open_example_project] Adding example synthesis HDL files ...
INFO: [open_example_project] Adding example XDC files ...
INFO: [open_example_project] Adding simulation HDL files ...
INFO: [open_example_project] Adding simulation miscellaneous files ...
INFO: [open_example_project] Sourcing example extension scripts ...
INFO: [open_example_project] Sourcing extension script: example_design_post_process.tcl
Post Processing the example_design
create_ip: Time (s): cpu = 00:00:05 ; elapsed = 00:00:06 . Memory (MB): peak = 1419.379 ; gain = 69.520
INFO: [open_example_project] Rebuilding top IP...
INFO: [IP_Flow 19-1686] Generating 'Instantiation Template' target for IP 'ila_ddr3_axi'...
INFO: [IP_Flow 19-1686] Generating 'Synthesis' target for IP 'ila_ddr3_axi'...
WARNING: [IP_Flow 19-4994] Overwriting existing constraint file 'f:/Xilinx/Handbook-Genesys2/CH9/SystemVerilog/ddr3_controller_ex/ddr3_controller_ex.gen/sources_1/ip/ila_ddr3_axi/ila_ddr3_axi_ooc.xdc'
INFO: [IP_Flow 19-1686] Generating 'Simulation' target for IP 'ila_ddr3_axi'...
INFO: [IP_Flow 19-1686] Generating 'Implementation' target for IP 'ila_ddr3_axi'...
INFO: [IP_Flow 19-1686] Generating 'Change Log' target for IP 'ila_ddr3_axi'...
INFO: [IP_Flow 19-1686] Generating 'Instantiation Template' target for IP 'vio_twm_ddrx'...
INFO: [IP_Flow 19-1686] Generating 'Synthesis' target for IP 'vio_twm_ddrx'...
INFO: [IP_Flow 19-1686] Generating 'Simulation' target for IP 'vio_twm_ddrx'...
INFO: [IP_Flow 19-1686] Generating 'Change Log' target for IP 'vio_twm_ddrx'...
INFO: [exportsim-Tcl-40] Using compiled simulation libraries for IPs
INFO: [SIM-utils-72] Using boost library from 'F:/Xilinx/Vivado/2024.2/tps/boost_1_72_0'
INFO: [exportsim-Tcl-35] Exporting simulation files for "XSIM" (AMD Vivado Simulator)...
INFO: [exportsim-Tcl-29] Pre-compiled simulation library path: 'F:/Xilinx/Vivado/2024.2/data/xsim'
INFO: [exportsim-Tcl-29] Script generated: 'F:/Xilinx/Handbook-Genesys2/CH9/SystemVerilog/ddr3_controller_ex/ddr3_controller_ex.ip_user_files/sim_scripts/ila_ddr3_axi/xsim/ila_ddr3_axi.sh'
INFO: [SIM-utils-43] Exported 'F:/Xilinx/Handbook-Genesys2/CH9/SystemVerilog/ddr3_controller_ex/ddr3_controller_ex.ip_user_files/sim_scripts/ila_ddr3_axi/xsim/ila_ddr3_axi.bmj'
INFO: [exportsim-Tcl-35] Exporting simulation files for "MODELSIM" (Siemens ModelSim Simulator)...
INFO: [exportsim-Tcl-29] Pre-compiled simulation library path: 'F:/Xilinx/Handbook-Genesys2/CH9/SystemVerilog/ddr3_controller_ex/ddr3_controller_ex.cache/compile_simlib/modelsim'
INFO: [exportsim-Tcl-29] Script generated: 'F:/Xilinx/Handbook-Genesys2/CH9/SystemVerilog/ddr3_controller_ex/ddr3_controller_ex.ip_user_files/sim_scripts/ila_ddr3_axi/modelsim/ila_ddr3_axi.sh'
INFO: [SIM-utils-43] Exported 'F:/Xilinx/Handbook-Genesys2/CH9/SystemVerilog/ddr3_controller_ex/ddr3_controller_ex.ip_user_files/sim_scripts/ila_ddr3_axi/modelsim/ila_ddr3_axi.bmj'
INFO: [exportsim-Tcl-35] Exporting simulation files for "QUESTA" (Siemens Questa Advanced Simulator)...
INFO: [exportsim-Tcl-29] Pre-compiled simulation library path: 'F:/Xilinx/Handbook-Genesys2/CH9/SystemVerilog/ddr3_controller_ex/ddr3_controller_ex.cache/compile_simlib/questa'
INFO: [exportsim-Tcl-29] Script generated: 'F:/Xilinx/Handbook-Genesys2/CH9/SystemVerilog/ddr3_controller_ex/ddr3_controller_ex.ip_user_files/sim_scripts/ila_ddr3_axi/questa/ila_ddr3_axi.sh'
INFO: [SIM-utils-43] Exported 'F:/Xilinx/Handbook-Genesys2/CH9/SystemVerilog/ddr3_controller_ex/ddr3_controller_ex.ip_user_files/sim_scripts/ila_ddr3_axi/questa/ila_ddr3_axi.bmj'
INFO: [exportsim-Tcl-35] Exporting simulation files for "RIVIERA" (Aldec Riviera-PRO Simulator)...
INFO: [exportsim-Tcl-29] Pre-compiled simulation library path: 'F:/Xilinx/Handbook-Genesys2/CH9/SystemVerilog/ddr3_controller_ex/ddr3_controller_ex.cache/compile_simlib/riviera'
INFO: [exportsim-Tcl-29] Script generated: 'F:/Xilinx/Handbook-Genesys2/CH9/SystemVerilog/ddr3_controller_ex/ddr3_controller_ex.ip_user_files/sim_scripts/ila_ddr3_axi/riviera/ila_ddr3_axi.sh'
INFO: [SIM-utils-43] Exported 'F:/Xilinx/Handbook-Genesys2/CH9/SystemVerilog/ddr3_controller_ex/ddr3_controller_ex.ip_user_files/sim_scripts/ila_ddr3_axi/riviera/ila_ddr3_axi.bmj'
INFO: [exportsim-Tcl-35] Exporting simulation files for "ACTIVEHDL" (Aldec Active-HDL Simulator)...
INFO: [exportsim-Tcl-29] Pre-compiled simulation library path: 'F:/Xilinx/Handbook-Genesys2/CH9/SystemVerilog/ddr3_controller_ex/ddr3_controller_ex.cache/compile_simlib/activehdl'
INFO: [exportsim-Tcl-29] Script generated: 'F:/Xilinx/Handbook-Genesys2/CH9/SystemVerilog/ddr3_controller_ex/ddr3_controller_ex.ip_user_files/sim_scripts/ila_ddr3_axi/activehdl/ila_ddr3_axi.sh'
INFO: [SIM-utils-43] Exported 'F:/Xilinx/Handbook-Genesys2/CH9/SystemVerilog/ddr3_controller_ex/ddr3_controller_ex.ip_user_files/sim_scripts/ila_ddr3_axi/activehdl/ila_ddr3_axi.bmj'
INFO: [exportsim-Tcl-40] Using compiled simulation libraries for IPs
INFO: [SIM-utils-72] Using boost library from 'F:/Xilinx/Vivado/2024.2/tps/boost_1_72_0'
INFO: [exportsim-Tcl-35] Exporting simulation files for "XSIM" (AMD Vivado Simulator)...
INFO: [exportsim-Tcl-29] Pre-compiled simulation library path: 'F:/Xilinx/Vivado/2024.2/data/xsim'
INFO: [exportsim-Tcl-29] Script generated: 'F:/Xilinx/Handbook-Genesys2/CH9/SystemVerilog/ddr3_controller_ex/ddr3_controller_ex.ip_user_files/sim_scripts/vio_twm_ddrx/xsim/vio_twm_ddrx.sh'
INFO: [SIM-utils-43] Exported 'F:/Xilinx/Handbook-Genesys2/CH9/SystemVerilog/ddr3_controller_ex/ddr3_controller_ex.ip_user_files/sim_scripts/vio_twm_ddrx/xsim/vio_twm_ddrx.bmj'
INFO: [exportsim-Tcl-35] Exporting simulation files for "MODELSIM" (Siemens ModelSim Simulator)...
INFO: [exportsim-Tcl-29] Pre-compiled simulation library path: 'F:/Xilinx/Handbook-Genesys2/CH9/SystemVerilog/ddr3_controller_ex/ddr3_controller_ex.cache/compile_simlib/modelsim'
INFO: [exportsim-Tcl-29] Script generated: 'F:/Xilinx/Handbook-Genesys2/CH9/SystemVerilog/ddr3_controller_ex/ddr3_controller_ex.ip_user_files/sim_scripts/vio_twm_ddrx/modelsim/vio_twm_ddrx.sh'
INFO: [SIM-utils-43] Exported 'F:/Xilinx/Handbook-Genesys2/CH9/SystemVerilog/ddr3_controller_ex/ddr3_controller_ex.ip_user_files/sim_scripts/vio_twm_ddrx/modelsim/vio_twm_ddrx.bmj'
INFO: [exportsim-Tcl-35] Exporting simulation files for "QUESTA" (Siemens Questa Advanced Simulator)...
INFO: [exportsim-Tcl-29] Pre-compiled simulation library path: 'F:/Xilinx/Handbook-Genesys2/CH9/SystemVerilog/ddr3_controller_ex/ddr3_controller_ex.cache/compile_simlib/questa'
INFO: [exportsim-Tcl-29] Script generated: 'F:/Xilinx/Handbook-Genesys2/CH9/SystemVerilog/ddr3_controller_ex/ddr3_controller_ex.ip_user_files/sim_scripts/vio_twm_ddrx/questa/vio_twm_ddrx.sh'
INFO: [SIM-utils-43] Exported 'F:/Xilinx/Handbook-Genesys2/CH9/SystemVerilog/ddr3_controller_ex/ddr3_controller_ex.ip_user_files/sim_scripts/vio_twm_ddrx/questa/vio_twm_ddrx.bmj'
INFO: [exportsim-Tcl-35] Exporting simulation files for "RIVIERA" (Aldec Riviera-PRO Simulator)...
INFO: [exportsim-Tcl-29] Pre-compiled simulation library path: 'F:/Xilinx/Handbook-Genesys2/CH9/SystemVerilog/ddr3_controller_ex/ddr3_controller_ex.cache/compile_simlib/riviera'
INFO: [exportsim-Tcl-29] Script generated: 'F:/Xilinx/Handbook-Genesys2/CH9/SystemVerilog/ddr3_controller_ex/ddr3_controller_ex.ip_user_files/sim_scripts/vio_twm_ddrx/riviera/vio_twm_ddrx.sh'
INFO: [SIM-utils-43] Exported 'F:/Xilinx/Handbook-Genesys2/CH9/SystemVerilog/ddr3_controller_ex/ddr3_controller_ex.ip_user_files/sim_scripts/vio_twm_ddrx/riviera/vio_twm_ddrx.bmj'
INFO: [exportsim-Tcl-35] Exporting simulation files for "ACTIVEHDL" (Aldec Active-HDL Simulator)...
INFO: [exportsim-Tcl-29] Pre-compiled simulation library path: 'F:/Xilinx/Handbook-Genesys2/CH9/SystemVerilog/ddr3_controller_ex/ddr3_controller_ex.cache/compile_simlib/activehdl'
INFO: [exportsim-Tcl-29] Script generated: 'F:/Xilinx/Handbook-Genesys2/CH9/SystemVerilog/ddr3_controller_ex/ddr3_controller_ex.ip_user_files/sim_scripts/vio_twm_ddrx/activehdl/vio_twm_ddrx.sh'
INFO: [SIM-utils-43] Exported 'F:/Xilinx/Handbook-Genesys2/CH9/SystemVerilog/ddr3_controller_ex/ddr3_controller_ex.ip_user_files/sim_scripts/vio_twm_ddrx/activehdl/vio_twm_ddrx.bmj'
INFO: [exportsim-Tcl-40] Using compiled simulation libraries for IPs
INFO: [SIM-utils-72] Using boost library from 'F:/Xilinx/Vivado/2024.2/tps/boost_1_72_0'
INFO: [exportsim-Tcl-35] Exporting simulation files for "XSIM" (AMD Vivado Simulator)...
INFO: [exportsim-Tcl-29] Pre-compiled simulation library path: 'F:/Xilinx/Vivado/2024.2/data/xsim'
INFO: [exportsim-Tcl-29] Script generated: 'F:/Xilinx/Handbook-Genesys2/CH9/SystemVerilog/ddr3_controller_ex/ddr3_controller_ex.ip_user_files/sim_scripts/ddr3_controller/xsim/ddr3_controller.sh'
INFO: [SIM-utils-43] Exported 'F:/Xilinx/Handbook-Genesys2/CH9/SystemVerilog/ddr3_controller_ex/ddr3_controller_ex.ip_user_files/sim_scripts/ddr3_controller/xsim/ddr3_controller.bmj'
INFO: [SIM-utils-43] Exported 'F:/Xilinx/Handbook-Genesys2/CH9/SystemVerilog/ddr3_controller_ex/ddr3_controller_ex.ip_user_files/sim_scripts/ddr3_controller/xsim/mig_a.prj'
INFO: [exportsim-Tcl-35] Exporting simulation files for "MODELSIM" (Siemens ModelSim Simulator)...
INFO: [exportsim-Tcl-29] Pre-compiled simulation library path: 'F:/Xilinx/Handbook-Genesys2/CH9/SystemVerilog/ddr3_controller_ex/ddr3_controller_ex.cache/compile_simlib/modelsim'
INFO: [exportsim-Tcl-29] Script generated: 'F:/Xilinx/Handbook-Genesys2/CH9/SystemVerilog/ddr3_controller_ex/ddr3_controller_ex.ip_user_files/sim_scripts/ddr3_controller/modelsim/ddr3_controller.sh'
INFO: [SIM-utils-43] Exported 'F:/Xilinx/Handbook-Genesys2/CH9/SystemVerilog/ddr3_controller_ex/ddr3_controller_ex.ip_user_files/sim_scripts/ddr3_controller/modelsim/ddr3_controller.bmj'
INFO: [SIM-utils-43] Exported 'F:/Xilinx/Handbook-Genesys2/CH9/SystemVerilog/ddr3_controller_ex/ddr3_controller_ex.ip_user_files/sim_scripts/ddr3_controller/modelsim/mig_a.prj'
INFO: [exportsim-Tcl-35] Exporting simulation files for "QUESTA" (Siemens Questa Advanced Simulator)...
INFO: [exportsim-Tcl-29] Pre-compiled simulation library path: 'F:/Xilinx/Handbook-Genesys2/CH9/SystemVerilog/ddr3_controller_ex/ddr3_controller_ex.cache/compile_simlib/questa'
INFO: [exportsim-Tcl-29] Script generated: 'F:/Xilinx/Handbook-Genesys2/CH9/SystemVerilog/ddr3_controller_ex/ddr3_controller_ex.ip_user_files/sim_scripts/ddr3_controller/questa/ddr3_controller.sh'
INFO: [SIM-utils-43] Exported 'F:/Xilinx/Handbook-Genesys2/CH9/SystemVerilog/ddr3_controller_ex/ddr3_controller_ex.ip_user_files/sim_scripts/ddr3_controller/questa/ddr3_controller.bmj'
INFO: [SIM-utils-43] Exported 'F:/Xilinx/Handbook-Genesys2/CH9/SystemVerilog/ddr3_controller_ex/ddr3_controller_ex.ip_user_files/sim_scripts/ddr3_controller/questa/mig_a.prj'
INFO: [exportsim-Tcl-35] Exporting simulation files for "RIVIERA" (Aldec Riviera-PRO Simulator)...
INFO: [exportsim-Tcl-29] Pre-compiled simulation library path: 'F:/Xilinx/Handbook-Genesys2/CH9/SystemVerilog/ddr3_controller_ex/ddr3_controller_ex.cache/compile_simlib/riviera'
INFO: [exportsim-Tcl-29] Script generated: 'F:/Xilinx/Handbook-Genesys2/CH9/SystemVerilog/ddr3_controller_ex/ddr3_controller_ex.ip_user_files/sim_scripts/ddr3_controller/riviera/ddr3_controller.sh'
INFO: [SIM-utils-43] Exported 'F:/Xilinx/Handbook-Genesys2/CH9/SystemVerilog/ddr3_controller_ex/ddr3_controller_ex.ip_user_files/sim_scripts/ddr3_controller/riviera/ddr3_controller.bmj'
INFO: [SIM-utils-43] Exported 'F:/Xilinx/Handbook-Genesys2/CH9/SystemVerilog/ddr3_controller_ex/ddr3_controller_ex.ip_user_files/sim_scripts/ddr3_controller/riviera/mig_a.prj'
INFO: [exportsim-Tcl-35] Exporting simulation files for "ACTIVEHDL" (Aldec Active-HDL Simulator)...
INFO: [exportsim-Tcl-29] Pre-compiled simulation library path: 'F:/Xilinx/Handbook-Genesys2/CH9/SystemVerilog/ddr3_controller_ex/ddr3_controller_ex.cache/compile_simlib/activehdl'
INFO: [exportsim-Tcl-29] Script generated: 'F:/Xilinx/Handbook-Genesys2/CH9/SystemVerilog/ddr3_controller_ex/ddr3_controller_ex.ip_user_files/sim_scripts/ddr3_controller/activehdl/ddr3_controller.sh'
INFO: [SIM-utils-43] Exported 'F:/Xilinx/Handbook-Genesys2/CH9/SystemVerilog/ddr3_controller_ex/ddr3_controller_ex.ip_user_files/sim_scripts/ddr3_controller/activehdl/ddr3_controller.bmj'
INFO: [SIM-utils-43] Exported 'F:/Xilinx/Handbook-Genesys2/CH9/SystemVerilog/ddr3_controller_ex/ddr3_controller_ex.ip_user_files/sim_scripts/ddr3_controller/activehdl/mig_a.prj'
export_ip_user_files: Time (s): cpu = 00:00:25 ; elapsed = 00:00:27 . Memory (MB): peak = 1462.141 ; gain = 25.113
INFO: [open_example_project] Open Example Project completed
update_compile_order -fileset sources_1
launch_simulation
Command: launch_simulation 
INFO: [Vivado 12-12493] Simulation top is 'sim_tb_top'
WARNING: [Vivado 12-13340] Unable to auto find GCC executables from simulator install path! (path not set)
INFO: [Vivado 12-5698] Checking validity of IPs in the design for the 'XSim' simulator...
INFO: [Vivado 12-5682] Launching behavioral simulation in 'f:/Xilinx/Handbook-Genesys2/CH9/SystemVerilog/ddr3_controller_ex/ddr3_controller_ex.sim/sim_1/behav/xsim'
INFO: [Vivado 12-13660] Precompiled IP simulation library mode is enabled (default). The design IP libraries will be referenced from the compiled library path. Please note that if the precompiled version of the library is not found from the path or the IP is in locked state, then the library source files for these IPs will be compiled locally as part of the compile order.
INFO: [Vivado 12-4795] Using compiled simulation libraries for IPs
INFO: [SIM-utils-51] Simulation object is 'sim_1'
INFO: [SIM-utils-72] Using boost library from 'F:/Xilinx/Vivado/2024.2/tps/boost_1_72_0'
INFO: [USF-XSim-7] Finding pre-compiled libraries...
INFO: [USF-XSim-11] File 'F:/Xilinx/Vivado/2024.2/data/xsim/xsim.ini' copied to run dir:'f:/Xilinx/Handbook-Genesys2/CH9/SystemVerilog/ddr3_controller_ex/ddr3_controller_ex.sim/sim_1/behav/xsim'
INFO: [SIM-utils-54] Inspecting design source files for 'sim_tb_top' in fileset 'sim_1'...
INFO: [SIM-utils-43] Exported 'f:/Xilinx/Handbook-Genesys2/CH9/SystemVerilog/ddr3_controller_ex/ddr3_controller_ex.sim/sim_1/behav/xsim/xsim_run.bat'
INFO: [USF-XSim-97] Finding global include files...
INFO: [USF-XSim-98] Fetching design files from 'sim_1'...
INFO: [USF-XSim-2] XSim::Compile design
INFO: [USF-XSim-61] Executing 'COMPILE and ANALYZE' step in 'f:/Xilinx/Handbook-Genesys2/CH9/SystemVerilog/ddr3_controller_ex/ddr3_controller_ex.sim/sim_1/behav/xsim'
"xvlog --incr --relax -L uvm -prj sim_tb_top_vlog.prj"
INFO: [VRFC 10-2263] Analyzing Verilog file "f:/Xilinx/Handbook-Genesys2/CH9/SystemVerilog/ddr3_controller_ex/ddr3_controller_ex.gen/sources_1/ip/ila_ddr3_axi/sim/ila_ddr3_axi.v" into library xil_defaultlib
INFO: [VRFC 10-311] analyzing module ila_ddr3_axi
INFO: [VRFC 10-2263] Analyzing Verilog file "f:/Xilinx/Handbook-Genesys2/CH9/SystemVerilog/ddr3_controller_ex/ddr3_controller_ex.gen/sources_1/ip/vio_twm_ddrx/sim/vio_twm_ddrx.v" into library xil_defaultlib
INFO: [VRFC 10-311] analyzing module vio_twm_ddrx
INFO: [VRFC 10-2263] Analyzing Verilog file "f:/Xilinx/Handbook-Genesys2/CH9/SystemVerilog/ddr3_controller_ex/ddr3_controller_ex.gen/sources_1/ip/ddr3_controller/ddr3_controller/user_design/rtl/axi/mig_7series_v4_2_axi_ctrl_addr_decode.v" into library xil_defaultlib
INFO: [VRFC 10-311] analyzing module mig_7series_v4_2_axi_ctrl_addr_decode
INFO: [VRFC 10-2263] Analyzing Verilog file "f:/Xilinx/Handbook-Genesys2/CH9/SystemVerilog/ddr3_controller_ex/ddr3_controller_ex.gen/sources_1/ip/ddr3_controller/ddr3_controller/user_design/rtl/axi/mig_7series_v4_2_axi_ctrl_read.v" into library xil_defaultlib
INFO: [VRFC 10-311] analyzing module mig_7series_v4_2_axi_ctrl_read
INFO: [VRFC 10-2263] Analyzing Verilog file "f:/Xilinx/Handbook-Genesys2/CH9/SystemVerilog/ddr3_controller_ex/ddr3_controller_ex.gen/sources_1/ip/ddr3_controller/ddr3_controller/user_design/rtl/axi/mig_7series_v4_2_axi_ctrl_reg.v" into library xil_defaultlib
INFO: [VRFC 10-311] analyzing module mig_7series_v4_2_axi_ctrl_reg
INFO: [VRFC 10-2263] Analyzing Verilog file "f:/Xilinx/Handbook-Genesys2/CH9/SystemVerilog/ddr3_controller_ex/ddr3_controller_ex.gen/sources_1/ip/ddr3_controller/ddr3_controller/user_design/rtl/axi/mig_7series_v4_2_axi_ctrl_reg_bank.v" into library xil_defaultlib
INFO: [VRFC 10-311] analyzing module mig_7series_v4_2_axi_ctrl_reg_bank
INFO: [VRFC 10-2263] Analyzing Verilog file "f:/Xilinx/Handbook-Genesys2/CH9/SystemVerilog/ddr3_controller_ex/ddr3_controller_ex.gen/sources_1/ip/ddr3_controller/ddr3_controller/user_design/rtl/axi/mig_7series_v4_2_axi_ctrl_top.v" into library xil_defaultlib
INFO: [VRFC 10-311] analyzing module mig_7series_v4_2_axi_ctrl_top
INFO: [VRFC 10-2263] Analyzing Verilog file "f:/Xilinx/Handbook-Genesys2/CH9/SystemVerilog/ddr3_controller_ex/ddr3_controller_ex.gen/sources_1/ip/ddr3_controller/ddr3_controller/user_design/rtl/axi/mig_7series_v4_2_axi_ctrl_write.v" into library xil_defaultlib
INFO: [VRFC 10-311] analyzing module mig_7series_v4_2_axi_ctrl_write
INFO: [VRFC 10-2263] Analyzing Verilog file "f:/Xilinx/Handbook-Genesys2/CH9/SystemVerilog/ddr3_controller_ex/ddr3_controller_ex.gen/sources_1/ip/ddr3_controller/ddr3_controller/user_design/rtl/axi/mig_7series_v4_2_axi_mc.v" into library xil_defaultlib
INFO: [VRFC 10-311] analyzing module mig_7series_v4_2_axi_mc
INFO: [VRFC 10-2263] Analyzing Verilog file "f:/Xilinx/Handbook-Genesys2/CH9/SystemVerilog/ddr3_controller_ex/ddr3_controller_ex.gen/sources_1/ip/ddr3_controller/ddr3_controller/user_design/rtl/axi/mig_7series_v4_2_axi_mc_ar_channel.v" into library xil_defaultlib
INFO: [VRFC 10-311] analyzing module mig_7series_v4_2_axi_mc_ar_channel
INFO: [VRFC 10-2263] Analyzing Verilog file "f:/Xilinx/Handbook-Genesys2/CH9/SystemVerilog/ddr3_controller_ex/ddr3_controller_ex.gen/sources_1/ip/ddr3_controller/ddr3_controller/user_design/rtl/axi/mig_7series_v4_2_axi_mc_aw_channel.v" into library xil_defaultlib
INFO: [VRFC 10-311] analyzing module mig_7series_v4_2_axi_mc_aw_channel
INFO: [VRFC 10-2263] Analyzing Verilog file "f:/Xilinx/Handbook-Genesys2/CH9/SystemVerilog/ddr3_controller_ex/ddr3_controller_ex.gen/sources_1/ip/ddr3_controller/ddr3_controller/user_design/rtl/axi/mig_7series_v4_2_axi_mc_b_channel.v" into library xil_defaultlib
INFO: [VRFC 10-311] analyzing module mig_7series_v4_2_axi_mc_b_channel
INFO: [VRFC 10-2263] Analyzing Verilog file "f:/Xilinx/Handbook-Genesys2/CH9/SystemVerilog/ddr3_controller_ex/ddr3_controller_ex.gen/sources_1/ip/ddr3_controller/ddr3_controller/user_design/rtl/axi/mig_7series_v4_2_axi_mc_cmd_arbiter.v" into library xil_defaultlib
INFO: [VRFC 10-311] analyzing module mig_7series_v4_2_axi_mc_cmd_arbiter
INFO: [VRFC 10-2263] Analyzing Verilog file "f:/Xilinx/Handbook-Genesys2/CH9/SystemVerilog/ddr3_controller_ex/ddr3_controller_ex.gen/sources_1/ip/ddr3_controller/ddr3_controller/user_design/rtl/axi/mig_7series_v4_2_axi_mc_cmd_fsm.v" into library xil_defaultlib
INFO: [VRFC 10-311] analyzing module mig_7series_v4_2_axi_mc_cmd_fsm
INFO: [VRFC 10-2263] Analyzing Verilog file "f:/Xilinx/Handbook-Genesys2/CH9/SystemVerilog/ddr3_controller_ex/ddr3_controller_ex.gen/sources_1/ip/ddr3_controller/ddr3_controller/user_design/rtl/axi/mig_7series_v4_2_axi_mc_cmd_translator.v" into library xil_defaultlib
INFO: [VRFC 10-311] analyzing module mig_7series_v4_2_axi_mc_cmd_translator
INFO: [VRFC 10-2263] Analyzing Verilog file "f:/Xilinx/Handbook-Genesys2/CH9/SystemVerilog/ddr3_controller_ex/ddr3_controller_ex.gen/sources_1/ip/ddr3_controller/ddr3_controller/user_design/rtl/axi/mig_7series_v4_2_axi_mc_fifo.v" into library xil_defaultlib
INFO: [VRFC 10-311] analyzing module mig_7series_v4_2_axi_mc_fifo
INFO: [VRFC 10-2263] Analyzing Verilog file "f:/Xilinx/Handbook-Genesys2/CH9/SystemVerilog/ddr3_controller_ex/ddr3_controller_ex.gen/sources_1/ip/ddr3_controller/ddr3_controller/user_design/rtl/axi/mig_7series_v4_2_axi_mc_incr_cmd.v" into library xil_defaultlib
INFO: [VRFC 10-311] analyzing module mig_7series_v4_2_axi_mc_incr_cmd
INFO: [VRFC 10-2263] Analyzing Verilog file "f:/Xilinx/Handbook-Genesys2/CH9/SystemVerilog/ddr3_controller_ex/ddr3_controller_ex.gen/sources_1/ip/ddr3_controller/ddr3_controller/user_design/rtl/axi/mig_7series_v4_2_axi_mc_r_channel.v" into library xil_defaultlib
INFO: [VRFC 10-311] analyzing module mig_7series_v4_2_axi_mc_r_channel
INFO: [VRFC 10-2263] Analyzing Verilog file "f:/Xilinx/Handbook-Genesys2/CH9/SystemVerilog/ddr3_controller_ex/ddr3_controller_ex.gen/sources_1/ip/ddr3_controller/ddr3_controller/user_design/rtl/axi/mig_7series_v4_2_axi_mc_simple_fifo.v" into library xil_defaultlib
INFO: [VRFC 10-311] analyzing module mig_7series_v4_2_axi_mc_simple_fifo
INFO: [VRFC 10-2263] Analyzing Verilog file "f:/Xilinx/Handbook-Genesys2/CH9/SystemVerilog/ddr3_controller_ex/ddr3_controller_ex.gen/sources_1/ip/ddr3_controller/ddr3_controller/user_design/rtl/axi/mig_7series_v4_2_axi_mc_wrap_cmd.v" into library xil_defaultlib
INFO: [VRFC 10-311] analyzing module mig_7series_v4_2_axi_mc_wrap_cmd
INFO: [VRFC 10-2263] Analyzing Verilog file "f:/Xilinx/Handbook-Genesys2/CH9/SystemVerilog/ddr3_controller_ex/ddr3_controller_ex.gen/sources_1/ip/ddr3_controller/ddr3_controller/user_design/rtl/axi/mig_7series_v4_2_axi_mc_wr_cmd_fsm.v" into library xil_defaultlib
INFO: [VRFC 10-311] analyzing module mig_7series_v4_2_axi_mc_wr_cmd_fsm
INFO: [VRFC 10-2263] Analyzing Verilog file "f:/Xilinx/Handbook-Genesys2/CH9/SystemVerilog/ddr3_controller_ex/ddr3_controller_ex.gen/sources_1/ip/ddr3_controller/ddr3_controller/user_design/rtl/axi/mig_7series_v4_2_axi_mc_w_channel.v" into library xil_defaultlib
INFO: [VRFC 10-311] analyzing module mig_7series_v4_2_axi_mc_w_channel
INFO: [VRFC 10-2263] Analyzing Verilog file "f:/Xilinx/Handbook-Genesys2/CH9/SystemVerilog/ddr3_controller_ex/ddr3_controller_ex.gen/sources_1/ip/ddr3_controller/ddr3_controller/user_design/rtl/axi/mig_7series_v4_2_ddr_axic_register_slice.v" into library xil_defaultlib
INFO: [VRFC 10-311] analyzing module mig_7series_v4_2_ddr_axic_register_slice
INFO: [VRFC 10-2263] Analyzing Verilog file "f:/Xilinx/Handbook-Genesys2/CH9/SystemVerilog/ddr3_controller_ex/ddr3_controller_ex.gen/sources_1/ip/ddr3_controller/ddr3_controller/user_design/rtl/axi/mig_7series_v4_2_ddr_axi_register_slice.v" into library xil_defaultlib
INFO: [VRFC 10-311] analyzing module mig_7series_v4_2_ddr_axi_register_slice
INFO: [VRFC 10-2263] Analyzing Verilog file "f:/Xilinx/Handbook-Genesys2/CH9/SystemVerilog/ddr3_controller_ex/ddr3_controller_ex.gen/sources_1/ip/ddr3_controller/ddr3_controller/user_design/rtl/axi/mig_7series_v4_2_ddr_axi_upsizer.v" into library xil_defaultlib
INFO: [VRFC 10-311] analyzing module mig_7series_v4_2_ddr_axi_upsizer
INFO: [VRFC 10-2263] Analyzing Verilog file "f:/Xilinx/Handbook-Genesys2/CH9/SystemVerilog/ddr3_controller_ex/ddr3_controller_ex.gen/sources_1/ip/ddr3_controller/ddr3_controller/user_design/rtl/axi/mig_7series_v4_2_ddr_a_upsizer.v" into library xil_defaultlib
INFO: [VRFC 10-311] analyzing module mig_7series_v4_2_ddr_a_upsizer
INFO: [VRFC 10-2263] Analyzing Verilog file "f:/Xilinx/Handbook-Genesys2/CH9/SystemVerilog/ddr3_controller_ex/ddr3_controller_ex.gen/sources_1/ip/ddr3_controller/ddr3_controller/user_design/rtl/axi/mig_7series_v4_2_ddr_carry_and.v" into library xil_defaultlib
INFO: [VRFC 10-311] analyzing module mig_7series_v4_2_ddr_carry_and
INFO: [VRFC 10-2263] Analyzing Verilog file "f:/Xilinx/Handbook-Genesys2/CH9/SystemVerilog/ddr3_controller_ex/ddr3_controller_ex.gen/sources_1/ip/ddr3_controller/ddr3_controller/user_design/rtl/axi/mig_7series_v4_2_ddr_carry_latch_and.v" into library xil_defaultlib
INFO: [VRFC 10-311] analyzing module mig_7series_v4_2_ddr_carry_latch_and
INFO: [VRFC 10-2263] Analyzing Verilog file "f:/Xilinx/Handbook-Genesys2/CH9/SystemVerilog/ddr3_controller_ex/ddr3_controller_ex.gen/sources_1/ip/ddr3_controller/ddr3_controller/user_design/rtl/axi/mig_7series_v4_2_ddr_carry_latch_or.v" into library xil_defaultlib
INFO: [VRFC 10-311] analyzing module mig_7series_v4_2_ddr_carry_latch_or
INFO: [VRFC 10-2263] Analyzing Verilog file "f:/Xilinx/Handbook-Genesys2/CH9/SystemVerilog/ddr3_controller_ex/ddr3_controller_ex.gen/sources_1/ip/ddr3_controller/ddr3_controller/user_design/rtl/axi/mig_7series_v4_2_ddr_carry_or.v" into library xil_defaultlib
INFO: [VRFC 10-311] analyzing module mig_7series_v4_2_ddr_carry_or
INFO: [VRFC 10-2263] Analyzing Verilog file "f:/Xilinx/Handbook-Genesys2/CH9/SystemVerilog/ddr3_controller_ex/ddr3_controller_ex.gen/sources_1/ip/ddr3_controller/ddr3_controller/user_design/rtl/axi/mig_7series_v4_2_ddr_command_fifo.v" into library xil_defaultlib
INFO: [VRFC 10-311] analyzing module mig_7series_v4_2_ddr_command_fifo
INFO: [VRFC 10-2263] Analyzing Verilog file "f:/Xilinx/Handbook-Genesys2/CH9/SystemVerilog/ddr3_controller_ex/ddr3_controller_ex.gen/sources_1/ip/ddr3_controller/ddr3_controller/user_design/rtl/axi/mig_7series_v4_2_ddr_comparator.v" into library xil_defaultlib
INFO: [VRFC 10-311] analyzing module mig_7series_v4_2_ddr_comparator
INFO: [VRFC 10-2263] Analyzing Verilog file "f:/Xilinx/Handbook-Genesys2/CH9/SystemVerilog/ddr3_controller_ex/ddr3_controller_ex.gen/sources_1/ip/ddr3_controller/ddr3_controller/user_design/rtl/axi/mig_7series_v4_2_ddr_comparator_sel.v" into library xil_defaultlib
INFO: [VRFC 10-311] analyzing module mig_7series_v4_2_ddr_comparator_sel
INFO: [VRFC 10-2263] Analyzing Verilog file "f:/Xilinx/Handbook-Genesys2/CH9/SystemVerilog/ddr3_controller_ex/ddr3_controller_ex.gen/sources_1/ip/ddr3_controller/ddr3_controller/user_design/rtl/axi/mig_7series_v4_2_ddr_comparator_sel_static.v" into library xil_defaultlib
INFO: [VRFC 10-311] analyzing module mig_7series_v4_2_ddr_comparator_sel_static
INFO: [VRFC 10-2263] Analyzing Verilog file "f:/Xilinx/Handbook-Genesys2/CH9/SystemVerilog/ddr3_controller_ex/ddr3_controller_ex.gen/sources_1/ip/ddr3_controller/ddr3_controller/user_design/rtl/axi/mig_7series_v4_2_ddr_r_upsizer.v" into library xil_defaultlib
INFO: [VRFC 10-311] analyzing module mig_7series_v4_2_ddr_r_upsizer
INFO: [VRFC 10-2263] Analyzing Verilog file "f:/Xilinx/Handbook-Genesys2/CH9/SystemVerilog/ddr3_controller_ex/ddr3_controller_ex.gen/sources_1/ip/ddr3_controller/ddr3_controller/user_design/rtl/axi/mig_7series_v4_2_ddr_w_upsizer.v" into library xil_defaultlib
INFO: [VRFC 10-311] analyzing module mig_7series_v4_2_ddr_w_upsizer
INFO: [VRFC 10-2263] Analyzing Verilog file "f:/Xilinx/Handbook-Genesys2/CH9/SystemVerilog/ddr3_controller_ex/ddr3_controller_ex.gen/sources_1/ip/ddr3_controller/ddr3_controller/user_design/rtl/clocking/mig_7series_v4_2_clk_ibuf.v" into library xil_defaultlib
INFO: [VRFC 10-311] analyzing module mig_7series_v4_2_clk_ibuf
INFO: [VRFC 10-2263] Analyzing Verilog file "f:/Xilinx/Handbook-Genesys2/CH9/SystemVerilog/ddr3_controller_ex/ddr3_controller_ex.gen/sources_1/ip/ddr3_controller/ddr3_controller/user_design/rtl/clocking/mig_7series_v4_2_infrastructure.v" into library xil_defaultlib
INFO: [VRFC 10-311] analyzing module mig_7series_v4_2_infrastructure
INFO: [VRFC 10-2263] Analyzing Verilog file "f:/Xilinx/Handbook-Genesys2/CH9/SystemVerilog/ddr3_controller_ex/ddr3_controller_ex.gen/sources_1/ip/ddr3_controller/ddr3_controller/user_design/rtl/clocking/mig_7series_v4_2_iodelay_ctrl.v" into library xil_defaultlib
INFO: [VRFC 10-311] analyzing module mig_7series_v4_2_iodelay_ctrl
INFO: [VRFC 10-2263] Analyzing Verilog file "f:/Xilinx/Handbook-Genesys2/CH9/SystemVerilog/ddr3_controller_ex/ddr3_controller_ex.gen/sources_1/ip/ddr3_controller/ddr3_controller/user_design/rtl/clocking/mig_7series_v4_2_tempmon.v" into library xil_defaultlib
INFO: [VRFC 10-311] analyzing module mig_7series_v4_2_tempmon
INFO: [VRFC 10-2263] Analyzing Verilog file "f:/Xilinx/Handbook-Genesys2/CH9/SystemVerilog/ddr3_controller_ex/ddr3_controller_ex.gen/sources_1/ip/ddr3_controller/ddr3_controller/user_design/rtl/controller/mig_7series_v4_2_arb_mux.v" into library xil_defaultlib
INFO: [VRFC 10-311] analyzing module mig_7series_v4_2_arb_mux
INFO: [VRFC 10-2263] Analyzing Verilog file "f:/Xilinx/Handbook-Genesys2/CH9/SystemVerilog/ddr3_controller_ex/ddr3_controller_ex.gen/sources_1/ip/ddr3_controller/ddr3_controller/user_design/rtl/controller/mig_7series_v4_2_arb_row_col.v" into library xil_defaultlib
INFO: [VRFC 10-311] analyzing module mig_7series_v4_2_arb_row_col
WARNING: [VRFC 10-8332] begin/end is required for generate-for in this mode of Verilog [f:/Xilinx/Handbook-Genesys2/CH9/SystemVerilog/ddr3_controller_ex/ddr3_controller_ex.gen/sources_1/ip/ddr3_controller/ddr3_controller/user_design/rtl/controller/mig_7series_v4_2_arb_row_col.v:252]
INFO: [VRFC 10-2263] Analyzing Verilog file "f:/Xilinx/Handbook-Genesys2/CH9/SystemVerilog/ddr3_controller_ex/ddr3_controller_ex.gen/sources_1/ip/ddr3_controller/ddr3_controller/user_design/rtl/controller/mig_7series_v4_2_arb_select.v" into library xil_defaultlib
INFO: [VRFC 10-311] analyzing module mig_7series_v4_2_arb_select
INFO: [VRFC 10-2263] Analyzing Verilog file "f:/Xilinx/Handbook-Genesys2/CH9/SystemVerilog/ddr3_controller_ex/ddr3_controller_ex.gen/sources_1/ip/ddr3_controller/ddr3_controller/user_design/rtl/controller/mig_7series_v4_2_bank_cntrl.v" into library xil_defaultlib
INFO: [VRFC 10-311] analyzing module mig_7series_v4_2_bank_cntrl
INFO: [VRFC 10-2263] Analyzing Verilog file "f:/Xilinx/Handbook-Genesys2/CH9/SystemVerilog/ddr3_controller_ex/ddr3_controller_ex.gen/sources_1/ip/ddr3_controller/ddr3_controller/user_design/rtl/controller/mig_7series_v4_2_bank_common.v" into library xil_defaultlib
INFO: [VRFC 10-311] analyzing module mig_7series_v4_2_bank_common
INFO: [VRFC 10-2263] Analyzing Verilog file "f:/Xilinx/Handbook-Genesys2/CH9/SystemVerilog/ddr3_controller_ex/ddr3_controller_ex.gen/sources_1/ip/ddr3_controller/ddr3_controller/user_design/rtl/controller/mig_7series_v4_2_bank_compare.v" into library xil_defaultlib
INFO: [VRFC 10-311] analyzing module mig_7series_v4_2_bank_compare
INFO: [VRFC 10-2263] Analyzing Verilog file "f:/Xilinx/Handbook-Genesys2/CH9/SystemVerilog/ddr3_controller_ex/ddr3_controller_ex.gen/sources_1/ip/ddr3_controller/ddr3_controller/user_design/rtl/controller/mig_7series_v4_2_bank_mach.v" into library xil_defaultlib
INFO: [VRFC 10-311] analyzing module mig_7series_v4_2_bank_mach
INFO: [VRFC 10-2263] Analyzing Verilog file "f:/Xilinx/Handbook-Genesys2/CH9/SystemVerilog/ddr3_controller_ex/ddr3_controller_ex.gen/sources_1/ip/ddr3_controller/ddr3_controller/user_design/rtl/controller/mig_7series_v4_2_bank_queue.v" into library xil_defaultlib
INFO: [VRFC 10-311] analyzing module mig_7series_v4_2_bank_queue
INFO: [VRFC 10-2263] Analyzing Verilog file "f:/Xilinx/Handbook-Genesys2/CH9/SystemVerilog/ddr3_controller_ex/ddr3_controller_ex.gen/sources_1/ip/ddr3_controller/ddr3_controller/user_design/rtl/controller/mig_7series_v4_2_bank_state.v" into library xil_defaultlib
INFO: [VRFC 10-311] analyzing module mig_7series_v4_2_bank_state
INFO: [VRFC 10-2263] Analyzing Verilog file "f:/Xilinx/Handbook-Genesys2/CH9/SystemVerilog/ddr3_controller_ex/ddr3_controller_ex.gen/sources_1/ip/ddr3_controller/ddr3_controller/user_design/rtl/controller/mig_7series_v4_2_col_mach.v" into library xil_defaultlib
INFO: [VRFC 10-311] analyzing module mig_7series_v4_2_col_mach
INFO: [VRFC 10-2263] Analyzing Verilog file "f:/Xilinx/Handbook-Genesys2/CH9/SystemVerilog/ddr3_controller_ex/ddr3_controller_ex.gen/sources_1/ip/ddr3_controller/ddr3_controller/user_design/rtl/controller/mig_7series_v4_2_mc.v" into library xil_defaultlib
INFO: [VRFC 10-311] analyzing module mig_7series_v4_2_mc
INFO: [VRFC 10-2263] Analyzing Verilog file "f:/Xilinx/Handbook-Genesys2/CH9/SystemVerilog/ddr3_controller_ex/ddr3_controller_ex.gen/sources_1/ip/ddr3_controller/ddr3_controller/user_design/rtl/controller/mig_7series_v4_2_rank_cntrl.v" into library xil_defaultlib
INFO: [VRFC 10-311] analyzing module mig_7series_v4_2_rank_cntrl
INFO: [VRFC 10-2263] Analyzing Verilog file "f:/Xilinx/Handbook-Genesys2/CH9/SystemVerilog/ddr3_controller_ex/ddr3_controller_ex.gen/sources_1/ip/ddr3_controller/ddr3_controller/user_design/rtl/controller/mig_7series_v4_2_rank_common.v" into library xil_defaultlib
INFO: [VRFC 10-311] analyzing module mig_7series_v4_2_rank_common
INFO: [VRFC 10-2263] Analyzing Verilog file "f:/Xilinx/Handbook-Genesys2/CH9/SystemVerilog/ddr3_controller_ex/ddr3_controller_ex.gen/sources_1/ip/ddr3_controller/ddr3_controller/user_design/rtl/controller/mig_7series_v4_2_rank_mach.v" into library xil_defaultlib
INFO: [VRFC 10-311] analyzing module mig_7series_v4_2_rank_mach
INFO: [VRFC 10-2263] Analyzing Verilog file "f:/Xilinx/Handbook-Genesys2/CH9/SystemVerilog/ddr3_controller_ex/ddr3_controller_ex.gen/sources_1/ip/ddr3_controller/ddr3_controller/user_design/rtl/controller/mig_7series_v4_2_round_robin_arb.v" into library xil_defaultlib
INFO: [VRFC 10-311] analyzing module mig_7series_v4_2_round_robin_arb
INFO: [VRFC 10-2263] Analyzing Verilog file "f:/Xilinx/Handbook-Genesys2/CH9/SystemVerilog/ddr3_controller_ex/ddr3_controller_ex.gen/sources_1/ip/ddr3_controller/ddr3_controller/user_design/rtl/ecc/mig_7series_v4_2_ecc_buf.v" into library xil_defaultlib
INFO: [VRFC 10-311] analyzing module mig_7series_v4_2_ecc_buf
INFO: [VRFC 10-2263] Analyzing Verilog file "f:/Xilinx/Handbook-Genesys2/CH9/SystemVerilog/ddr3_controller_ex/ddr3_controller_ex.gen/sources_1/ip/ddr3_controller/ddr3_controller/user_design/rtl/ecc/mig_7series_v4_2_ecc_dec_fix.v" into library xil_defaultlib
INFO: [VRFC 10-311] analyzing module mig_7series_v4_2_ecc_dec_fix
INFO: [VRFC 10-2263] Analyzing Verilog file "f:/Xilinx/Handbook-Genesys2/CH9/SystemVerilog/ddr3_controller_ex/ddr3_controller_ex.gen/sources_1/ip/ddr3_controller/ddr3_controller/user_design/rtl/ecc/mig_7series_v4_2_ecc_gen.v" into library xil_defaultlib
INFO: [VRFC 10-311] analyzing module mig_7series_v4_2_ecc_gen
INFO: [VRFC 10-2263] Analyzing Verilog file "f:/Xilinx/Handbook-Genesys2/CH9/SystemVerilog/ddr3_controller_ex/ddr3_controller_ex.gen/sources_1/ip/ddr3_controller/ddr3_controller/user_design/rtl/ecc/mig_7series_v4_2_ecc_merge_enc.v" into library xil_defaultlib
INFO: [VRFC 10-311] analyzing module mig_7series_v4_2_ecc_merge_enc
INFO: [VRFC 10-2263] Analyzing Verilog file "f:/Xilinx/Handbook-Genesys2/CH9/SystemVerilog/ddr3_controller_ex/ddr3_controller_ex.gen/sources_1/ip/ddr3_controller/ddr3_controller/user_design/rtl/ecc/mig_7series_v4_2_fi_xor.v" into library xil_defaultlib
INFO: [VRFC 10-311] analyzing module mig_7series_v4_2_fi_xor
INFO: [VRFC 10-2263] Analyzing Verilog file "f:/Xilinx/Handbook-Genesys2/CH9/SystemVerilog/ddr3_controller_ex/ddr3_controller_ex.gen/sources_1/ip/ddr3_controller/ddr3_controller/user_design/rtl/ip_top/mig_7series_v4_2_memc_ui_top_axi.v" into library xil_defaultlib
INFO: [VRFC 10-311] analyzing module mig_7series_v4_2_memc_ui_top_axi
INFO: [VRFC 10-2263] Analyzing Verilog file "f:/Xilinx/Handbook-Genesys2/CH9/SystemVerilog/ddr3_controller_ex/ddr3_controller_ex.gen/sources_1/ip/ddr3_controller/ddr3_controller/user_design/rtl/ip_top/mig_7series_v4_2_mem_intfc.v" into library xil_defaultlib
INFO: [VRFC 10-311] analyzing module mig_7series_v4_2_mem_intfc
INFO: [VRFC 10-2263] Analyzing Verilog file "f:/Xilinx/Handbook-Genesys2/CH9/SystemVerilog/ddr3_controller_ex/ddr3_controller_ex.gen/sources_1/ip/ddr3_controller/ddr3_controller/user_design/rtl/phy/mig_7series_v4_2_ddr_byte_group_io.v" into library xil_defaultlib
INFO: [VRFC 10-311] analyzing module mig_7series_v4_2_ddr_byte_group_io
INFO: [VRFC 10-2263] Analyzing Verilog file "f:/Xilinx/Handbook-Genesys2/CH9/SystemVerilog/ddr3_controller_ex/ddr3_controller_ex.gen/sources_1/ip/ddr3_controller/ddr3_controller/user_design/rtl/phy/mig_7series_v4_2_ddr_byte_lane.v" into library xil_defaultlib
INFO: [VRFC 10-311] analyzing module mig_7series_v4_2_ddr_byte_lane
INFO: [VRFC 10-2263] Analyzing Verilog file "f:/Xilinx/Handbook-Genesys2/CH9/SystemVerilog/ddr3_controller_ex/ddr3_controller_ex.gen/sources_1/ip/ddr3_controller/ddr3_controller/user_design/rtl/phy/mig_7series_v4_2_ddr_calib_top.v" into library xil_defaultlib
INFO: [VRFC 10-311] analyzing module mig_7series_v4_2_ddr_calib_top
INFO: [VRFC 10-2263] Analyzing Verilog file "f:/Xilinx/Handbook-Genesys2/CH9/SystemVerilog/ddr3_controller_ex/ddr3_controller_ex.gen/sources_1/ip/ddr3_controller/ddr3_controller/user_design/rtl/phy/mig_7series_v4_2_ddr_if_post_fifo.v" into library xil_defaultlib
INFO: [VRFC 10-311] analyzing module mig_7series_v4_2_ddr_if_post_fifo
INFO: [VRFC 10-2263] Analyzing Verilog file "f:/Xilinx/Handbook-Genesys2/CH9/SystemVerilog/ddr3_controller_ex/ddr3_controller_ex.gen/sources_1/ip/ddr3_controller/ddr3_controller/user_design/rtl/phy/mig_7series_v4_2_ddr_mc_phy.v" into library xil_defaultlib
INFO: [VRFC 10-311] analyzing module mig_7series_v4_2_ddr_mc_phy
INFO: [VRFC 10-2263] Analyzing Verilog file "f:/Xilinx/Handbook-Genesys2/CH9/SystemVerilog/ddr3_controller_ex/ddr3_controller_ex.gen/sources_1/ip/ddr3_controller/ddr3_controller/user_design/rtl/phy/mig_7series_v4_2_ddr_mc_phy_wrapper.v" into library xil_defaultlib
INFO: [VRFC 10-311] analyzing module mig_7series_v4_2_ddr_mc_phy_wrapper
INFO: [VRFC 10-2263] Analyzing Verilog file "f:/Xilinx/Handbook-Genesys2/CH9/SystemVerilog/ddr3_controller_ex/ddr3_controller_ex.gen/sources_1/ip/ddr3_controller/ddr3_controller/user_design/rtl/phy/mig_7series_v4_2_ddr_of_pre_fifo.v" into library xil_defaultlib
INFO: [VRFC 10-311] analyzing module mig_7series_v4_2_ddr_of_pre_fifo
INFO: [VRFC 10-2263] Analyzing Verilog file "f:/Xilinx/Handbook-Genesys2/CH9/SystemVerilog/ddr3_controller_ex/ddr3_controller_ex.gen/sources_1/ip/ddr3_controller/ddr3_controller/user_design/rtl/phy/mig_7series_v4_2_ddr_phy_4lanes.v" into library xil_defaultlib
INFO: [VRFC 10-311] analyzing module mig_7series_v4_2_ddr_phy_4lanes
INFO: [VRFC 10-2263] Analyzing Verilog file "f:/Xilinx/Handbook-Genesys2/CH9/SystemVerilog/ddr3_controller_ex/ddr3_controller_ex.gen/sources_1/ip/ddr3_controller/ddr3_controller/user_design/rtl/phy/mig_7series_v4_2_ddr_phy_ck_addr_cmd_delay.v" into library xil_defaultlib
INFO: [VRFC 10-311] analyzing module mig_7series_v4_2_ddr_phy_ck_addr_cmd_delay
INFO: [VRFC 10-2263] Analyzing Verilog file "f:/Xilinx/Handbook-Genesys2/CH9/SystemVerilog/ddr3_controller_ex/ddr3_controller_ex.gen/sources_1/ip/ddr3_controller/ddr3_controller/user_design/rtl/phy/mig_7series_v4_2_ddr_phy_dqs_found_cal.v" into library xil_defaultlib
INFO: [VRFC 10-311] analyzing module mig_7series_v4_2_ddr_phy_dqs_found_cal
INFO: [VRFC 10-2263] Analyzing Verilog file "f:/Xilinx/Handbook-Genesys2/CH9/SystemVerilog/ddr3_controller_ex/ddr3_controller_ex.gen/sources_1/ip/ddr3_controller/ddr3_controller/user_design/rtl/phy/mig_7series_v4_2_ddr_phy_dqs_found_cal_hr.v" into library xil_defaultlib
INFO: [VRFC 10-311] analyzing module mig_7series_v4_2_ddr_phy_dqs_found_cal_hr
INFO: [VRFC 10-2263] Analyzing Verilog file "f:/Xilinx/Handbook-Genesys2/CH9/SystemVerilog/ddr3_controller_ex/ddr3_controller_ex.gen/sources_1/ip/ddr3_controller/ddr3_controller/user_design/rtl/phy/mig_7series_v4_2_ddr_phy_init.v" into library xil_defaultlib
INFO: [VRFC 10-311] analyzing module mig_7series_v4_2_ddr_phy_init
INFO: [VRFC 10-2263] Analyzing Verilog file "f:/Xilinx/Handbook-Genesys2/CH9/SystemVerilog/ddr3_controller_ex/ddr3_controller_ex.gen/sources_1/ip/ddr3_controller/ddr3_controller/user_design/rtl/phy/mig_7series_v4_2_ddr_phy_ocd_cntlr.v" into library xil_defaultlib
INFO: [VRFC 10-311] analyzing module mig_7series_v4_2_ddr_phy_ocd_cntlr
INFO: [VRFC 10-2263] Analyzing Verilog file "f:/Xilinx/Handbook-Genesys2/CH9/SystemVerilog/ddr3_controller_ex/ddr3_controller_ex.gen/sources_1/ip/ddr3_controller/ddr3_controller/user_design/rtl/phy/mig_7series_v4_2_ddr_phy_ocd_data.v" into library xil_defaultlib
INFO: [VRFC 10-311] analyzing module mig_7series_v4_2_ddr_phy_ocd_data
INFO: [VRFC 10-2263] Analyzing Verilog file "f:/Xilinx/Handbook-Genesys2/CH9/SystemVerilog/ddr3_controller_ex/ddr3_controller_ex.gen/sources_1/ip/ddr3_controller/ddr3_controller/user_design/rtl/phy/mig_7series_v4_2_ddr_phy_ocd_edge.v" into library xil_defaultlib
INFO: [VRFC 10-311] analyzing module mig_7series_v4_2_ddr_phy_ocd_edge
INFO: [VRFC 10-2263] Analyzing Verilog file "f:/Xilinx/Handbook-Genesys2/CH9/SystemVerilog/ddr3_controller_ex/ddr3_controller_ex.gen/sources_1/ip/ddr3_controller/ddr3_controller/user_design/rtl/phy/mig_7series_v4_2_ddr_phy_ocd_lim.v" into library xil_defaultlib
INFO: [VRFC 10-311] analyzing module mig_7series_v4_2_ddr_phy_ocd_lim
INFO: [VRFC 10-2263] Analyzing Verilog file "f:/Xilinx/Handbook-Genesys2/CH9/SystemVerilog/ddr3_controller_ex/ddr3_controller_ex.gen/sources_1/ip/ddr3_controller/ddr3_controller/user_design/rtl/phy/mig_7series_v4_2_ddr_phy_ocd_mux.v" into library xil_defaultlib
INFO: [VRFC 10-311] analyzing module mig_7series_v4_2_ddr_phy_ocd_mux
INFO: [VRFC 10-2263] Analyzing Verilog file "f:/Xilinx/Handbook-Genesys2/CH9/SystemVerilog/ddr3_controller_ex/ddr3_controller_ex.gen/sources_1/ip/ddr3_controller/ddr3_controller/user_design/rtl/phy/mig_7series_v4_2_ddr_phy_ocd_po_cntlr.v" into library xil_defaultlib
INFO: [VRFC 10-311] analyzing module mig_7series_v4_2_ddr_phy_ocd_po_cntlr
INFO: [VRFC 10-2263] Analyzing Verilog file "f:/Xilinx/Handbook-Genesys2/CH9/SystemVerilog/ddr3_controller_ex/ddr3_controller_ex.gen/sources_1/ip/ddr3_controller/ddr3_controller/user_design/rtl/phy/mig_7series_v4_2_ddr_phy_ocd_samp.v" into library xil_defaultlib
INFO: [VRFC 10-311] analyzing module mig_7series_v4_2_ddr_phy_ocd_samp
INFO: [VRFC 10-2263] Analyzing Verilog file "f:/Xilinx/Handbook-Genesys2/CH9/SystemVerilog/ddr3_controller_ex/ddr3_controller_ex.gen/sources_1/ip/ddr3_controller/ddr3_controller/user_design/rtl/phy/mig_7series_v4_2_ddr_phy_oclkdelay_cal.v" into library xil_defaultlib
INFO: [VRFC 10-311] analyzing module mig_7series_v4_2_ddr_phy_oclkdelay_cal
INFO: [VRFC 10-2263] Analyzing Verilog file "f:/Xilinx/Handbook-Genesys2/CH9/SystemVerilog/ddr3_controller_ex/ddr3_controller_ex.gen/sources_1/ip/ddr3_controller/ddr3_controller/user_design/rtl/phy/mig_7series_v4_2_ddr_phy_prbs_rdlvl.v" into library xil_defaultlib
INFO: [VRFC 10-311] analyzing module mig_7series_v4_2_ddr_phy_prbs_rdlvl
INFO: [VRFC 10-2263] Analyzing Verilog file "f:/Xilinx/Handbook-Genesys2/CH9/SystemVerilog/ddr3_controller_ex/ddr3_controller_ex.gen/sources_1/ip/ddr3_controller/ddr3_controller/user_design/rtl/phy/mig_7series_v4_2_ddr_phy_rdlvl.v" into library xil_defaultlib
INFO: [VRFC 10-311] analyzing module mig_7series_v4_2_ddr_phy_rdlvl
INFO: [VRFC 10-2263] Analyzing Verilog file "f:/Xilinx/Handbook-Genesys2/CH9/SystemVerilog/ddr3_controller_ex/ddr3_controller_ex.gen/sources_1/ip/ddr3_controller/ddr3_controller/user_design/rtl/phy/mig_7series_v4_2_ddr_phy_tempmon.v" into library xil_defaultlib
INFO: [VRFC 10-311] analyzing module mig_7series_v4_2_ddr_phy_tempmon
INFO: [VRFC 10-2263] Analyzing Verilog file "f:/Xilinx/Handbook-Genesys2/CH9/SystemVerilog/ddr3_controller_ex/ddr3_controller_ex.gen/sources_1/ip/ddr3_controller/ddr3_controller/user_design/rtl/phy/mig_7series_v4_2_ddr_phy_top.v" into library xil_defaultlib
INFO: [VRFC 10-311] analyzing module mig_7series_v4_2_ddr_phy_top
INFO: [VRFC 10-2263] Analyzing Verilog file "f:/Xilinx/Handbook-Genesys2/CH9/SystemVerilog/ddr3_controller_ex/ddr3_controller_ex.gen/sources_1/ip/ddr3_controller/ddr3_controller/user_design/rtl/phy/mig_7series_v4_2_ddr_phy_wrcal.v" into library xil_defaultlib
INFO: [VRFC 10-311] analyzing module mig_7series_v4_2_ddr_phy_wrcal
INFO: [VRFC 10-2263] Analyzing Verilog file "f:/Xilinx/Handbook-Genesys2/CH9/SystemVerilog/ddr3_controller_ex/ddr3_controller_ex.gen/sources_1/ip/ddr3_controller/ddr3_controller/user_design/rtl/phy/mig_7series_v4_2_ddr_phy_wrlvl.v" into library xil_defaultlib
INFO: [VRFC 10-311] analyzing module mig_7series_v4_2_ddr_phy_wrlvl
INFO: [VRFC 10-2263] Analyzing Verilog file "f:/Xilinx/Handbook-Genesys2/CH9/SystemVerilog/ddr3_controller_ex/ddr3_controller_ex.gen/sources_1/ip/ddr3_controller/ddr3_controller/user_design/rtl/phy/mig_7series_v4_2_ddr_phy_wrlvl_off_delay.v" into library xil_defaultlib
INFO: [VRFC 10-311] analyzing module mig_7series_v4_2_ddr_phy_wrlvl_off_delay
INFO: [VRFC 10-2263] Analyzing Verilog file "f:/Xilinx/Handbook-Genesys2/CH9/SystemVerilog/ddr3_controller_ex/ddr3_controller_ex.gen/sources_1/ip/ddr3_controller/ddr3_controller/user_design/rtl/phy/mig_7series_v4_2_ddr_prbs_gen.v" into library xil_defaultlib
INFO: [VRFC 10-311] analyzing module mig_7series_v4_2_ddr_prbs_gen
INFO: [VRFC 10-2263] Analyzing Verilog file "f:/Xilinx/Handbook-Genesys2/CH9/SystemVerilog/ddr3_controller_ex/ddr3_controller_ex.gen/sources_1/ip/ddr3_controller/ddr3_controller/user_design/rtl/phy/mig_7series_v4_2_ddr_skip_calib_tap.v" into library xil_defaultlib
INFO: [VRFC 10-311] analyzing module mig_7series_v4_2_ddr_skip_calib_tap
INFO: [VRFC 10-2263] Analyzing Verilog file "f:/Xilinx/Handbook-Genesys2/CH9/SystemVerilog/ddr3_controller_ex/ddr3_controller_ex.gen/sources_1/ip/ddr3_controller/ddr3_controller/user_design/rtl/phy/mig_7series_v4_2_poc_cc.v" into library xil_defaultlib
INFO: [VRFC 10-311] analyzing module mig_7series_v4_2_poc_cc
INFO: [VRFC 10-2263] Analyzing Verilog file "f:/Xilinx/Handbook-Genesys2/CH9/SystemVerilog/ddr3_controller_ex/ddr3_controller_ex.gen/sources_1/ip/ddr3_controller/ddr3_controller/user_design/rtl/phy/mig_7series_v4_2_poc_edge_store.v" into library xil_defaultlib
INFO: [VRFC 10-311] analyzing module mig_7series_v4_2_poc_edge_store
INFO: [VRFC 10-2263] Analyzing Verilog file "f:/Xilinx/Handbook-Genesys2/CH9/SystemVerilog/ddr3_controller_ex/ddr3_controller_ex.gen/sources_1/ip/ddr3_controller/ddr3_controller/user_design/rtl/phy/mig_7series_v4_2_poc_meta.v" into library xil_defaultlib
INFO: [VRFC 10-311] analyzing module mig_7series_v4_2_poc_meta
INFO: [VRFC 10-2263] Analyzing Verilog file "f:/Xilinx/Handbook-Genesys2/CH9/SystemVerilog/ddr3_controller_ex/ddr3_controller_ex.gen/sources_1/ip/ddr3_controller/ddr3_controller/user_design/rtl/phy/mig_7series_v4_2_poc_pd.v" into library xil_defaultlib
INFO: [VRFC 10-311] analyzing module mig_7series_v4_2_poc_pd
INFO: [VRFC 10-2263] Analyzing Verilog file "f:/Xilinx/Handbook-Genesys2/CH9/SystemVerilog/ddr3_controller_ex/ddr3_controller_ex.gen/sources_1/ip/ddr3_controller/ddr3_controller/user_design/rtl/phy/mig_7series_v4_2_poc_tap_base.v" into library xil_defaultlib
INFO: [VRFC 10-311] analyzing module mig_7series_v4_2_poc_tap_base
INFO: [VRFC 10-2263] Analyzing Verilog file "f:/Xilinx/Handbook-Genesys2/CH9/SystemVerilog/ddr3_controller_ex/ddr3_controller_ex.gen/sources_1/ip/ddr3_controller/ddr3_controller/user_design/rtl/phy/mig_7series_v4_2_poc_top.v" into library xil_defaultlib
INFO: [VRFC 10-311] analyzing module mig_7series_v4_2_poc_top
INFO: [VRFC 10-2263] Analyzing Verilog file "f:/Xilinx/Handbook-Genesys2/CH9/SystemVerilog/ddr3_controller_ex/ddr3_controller_ex.gen/sources_1/ip/ddr3_controller/ddr3_controller/user_design/rtl/ui/mig_7series_v4_2_ui_cmd.v" into library xil_defaultlib
INFO: [VRFC 10-311] analyzing module mig_7series_v4_2_ui_cmd
INFO: [VRFC 10-2263] Analyzing Verilog file "f:/Xilinx/Handbook-Genesys2/CH9/SystemVerilog/ddr3_controller_ex/ddr3_controller_ex.gen/sources_1/ip/ddr3_controller/ddr3_controller/user_design/rtl/ui/mig_7series_v4_2_ui_rd_data.v" into library xil_defaultlib
INFO: [VRFC 10-311] analyzing module mig_7series_v4_2_ui_rd_data
INFO: [VRFC 10-2263] Analyzing Verilog file "f:/Xilinx/Handbook-Genesys2/CH9/SystemVerilog/ddr3_controller_ex/ddr3_controller_ex.gen/sources_1/ip/ddr3_controller/ddr3_controller/user_design/rtl/ui/mig_7series_v4_2_ui_top.v" into library xil_defaultlib
INFO: [VRFC 10-311] analyzing module mig_7series_v4_2_ui_top
INFO: [VRFC 10-2263] Analyzing Verilog file "f:/Xilinx/Handbook-Genesys2/CH9/SystemVerilog/ddr3_controller_ex/ddr3_controller_ex.gen/sources_1/ip/ddr3_controller/ddr3_controller/user_design/rtl/ui/mig_7series_v4_2_ui_wr_data.v" into library xil_defaultlib
INFO: [VRFC 10-311] analyzing module mig_7series_v4_2_ui_wr_data
INFO: [VRFC 10-2263] Analyzing Verilog file "f:/Xilinx/Handbook-Genesys2/CH9/SystemVerilog/ddr3_controller_ex/ddr3_controller_ex.gen/sources_1/ip/ddr3_controller/ddr3_controller/user_design/rtl/ddr3_controller_mig_sim.v" into library xil_defaultlib
INFO: [VRFC 10-311] analyzing module ddr3_controller_mig
INFO: [VRFC 10-2263] Analyzing Verilog file "f:/Xilinx/Handbook-Genesys2/CH9/SystemVerilog/ddr3_controller_ex/ddr3_controller_ex.gen/sources_1/ip/ddr3_controller/ddr3_controller/user_design/rtl/ddr3_controller.v" into library xil_defaultlib
INFO: [VRFC 10-311] analyzing module ddr3_controller
INFO: [VRFC 10-2263] Analyzing Verilog file "f:/Xilinx/Handbook-Genesys2/CH9/SystemVerilog/ddr3_controller_ex/imports/example_top.v" into library xil_defaultlib
INFO: [VRFC 10-311] analyzing module example_top
INFO: [VRFC 10-2263] Analyzing Verilog file "f:/Xilinx/Handbook-Genesys2/CH9/SystemVerilog/ddr3_controller_ex/imports/mig_7series_v4_2_axi4_tg.v" into library xil_defaultlib
INFO: [VRFC 10-311] analyzing module mig_7series_v4_2_axi4_tg
INFO: [VRFC 10-2263] Analyzing Verilog file "f:/Xilinx/Handbook-Genesys2/CH9/SystemVerilog/ddr3_controller_ex/imports/mig_7series_v4_2_axi4_wrapper.v" into library xil_defaultlib
INFO: [VRFC 10-311] analyzing module mig_7series_v4_2_axi4_wrapper
INFO: [VRFC 10-2263] Analyzing Verilog file "f:/Xilinx/Handbook-Genesys2/CH9/SystemVerilog/ddr3_controller_ex/imports/mig_7series_v4_2_chk_win.v" into library xil_defaultlib
INFO: [VRFC 10-311] analyzing module mig_7series_v4_2_chk_win
INFO: [VRFC 10-2263] Analyzing Verilog file "f:/Xilinx/Handbook-Genesys2/CH9/SystemVerilog/ddr3_controller_ex/imports/mig_7series_v4_2_cmd_prbs_gen_axi.v" into library xil_defaultlib
INFO: [VRFC 10-311] analyzing module mig_7series_v4_2_cmd_prbs_gen_axi
INFO: [VRFC 10-2263] Analyzing Verilog file "f:/Xilinx/Handbook-Genesys2/CH9/SystemVerilog/ddr3_controller_ex/imports/mig_7series_v4_2_data_gen_chk.v" into library xil_defaultlib
INFO: [VRFC 10-311] analyzing module mig_7series_v4_2_data_gen_chk
INFO: [VRFC 10-2263] Analyzing Verilog file "f:/Xilinx/Handbook-Genesys2/CH9/SystemVerilog/ddr3_controller_ex/imports/mig_7series_v4_2_tg.v" into library xil_defaultlib
INFO: [VRFC 10-311] analyzing module mig_7series_v4_2_tg
INFO: [VRFC 10-2263] Analyzing Verilog file "f:/Xilinx/Handbook-Genesys2/CH9/SystemVerilog/ddr3_controller_ex/imports/wiredly.v" into library xil_defaultlib
INFO: [VRFC 10-311] analyzing module WireDelay
INFO: [VRFC 10-2263] Analyzing SystemVerilog file "f:/Xilinx/Handbook-Genesys2/CH9/SystemVerilog/ddr3_controller_ex/imports/ddr3_model.sv" into library xil_defaultlib
INFO: [VRFC 10-311] analyzing module ddr3_model
INFO: [VRFC 10-2263] Analyzing Verilog file "f:/Xilinx/Handbook-Genesys2/CH9/SystemVerilog/ddr3_controller_ex/imports/sim_tb_top.v" into library xil_defaultlib
INFO: [VRFC 10-311] analyzing module sim_tb_top
INFO: [VRFC 10-2263] Analyzing Verilog file "f:/Xilinx/Handbook-Genesys2/CH9/SystemVerilog/ddr3_controller_ex/ddr3_controller_ex.sim/sim_1/behav/xsim/glbl.v" into library xil_defaultlib
INFO: [VRFC 10-311] analyzing module glbl
run_program: Time (s): cpu = 00:00:03 ; elapsed = 00:00:24 . Memory (MB): peak = 1490.320 ; gain = 0.000
INFO: [USF-XSim-69] 'compile' step finished in '24' seconds
INFO: [USF-XSim-3] XSim::Elaborate design
INFO: [USF-XSim-61] Executing 'ELABORATE' step in 'f:/Xilinx/Handbook-Genesys2/CH9/SystemVerilog/ddr3_controller_ex/ddr3_controller_ex.sim/sim_1/behav/xsim'
"xelab --incr --debug typical --relax --mt 2 -L xil_defaultlib -L uvm -L unisims_ver -L unimacro_ver -L secureip -L xpm --snapshot sim_tb_top_behav xil_defaultlib.sim_tb_top xil_defaultlib.glbl -log elaborate.log"
Vivado Simulator v2024.2.0
Copyright 1986-2022 Xilinx, Inc. All Rights Reserved.
Copyright 2022-2024 Advanced Micro Devices, Inc. All Rights Reserved.
Running: F:/Xilinx/Vivado/2024.2/bin/unwrapped/win64.o/xelab.exe --incr --debug typical --relax --mt 2 -L xil_defaultlib -L uvm -L unisims_ver -L unimacro_ver -L secureip -L xpm --snapshot sim_tb_top_behav xil_defaultlib.sim_tb_top xil_defaultlib.glbl -log elaborate.log 
Using 2 slave threads.
Starting static elaboration
Pass Through NonSizing Optimizer
WARNING: [VRFC 10-3091] actual bit length 12 differs from formal bit length 8 for port 'pi_dqs_found_lanes' [f:/Xilinx/Handbook-Genesys2/CH9/SystemVerilog/ddr3_controller_ex/ddr3_controller_ex.gen/sources_1/ip/ddr3_controller/ddr3_controller/user_design/rtl/phy/mig_7series_v4_2_ddr_mc_phy_wrapper.v:1671]
WARNING: [VRFC 10-3091] actual bit length 12 differs from formal bit length 8 for port 'pi_phase_locked_lanes' [f:/Xilinx/Handbook-Genesys2/CH9/SystemVerilog/ddr3_controller_ex/ddr3_controller_ex.gen/sources_1/ip/ddr3_controller/ddr3_controller/user_design/rtl/phy/mig_7series_v4_2_ddr_mc_phy_wrapper.v:1679]
WARNING: [VRFC 10-3091] actual bit length 12 differs from formal bit length 8 for port 'pi_dqs_found_lanes' [f:/Xilinx/Handbook-Genesys2/CH9/SystemVerilog/ddr3_controller_ex/ddr3_controller_ex.gen/sources_1/ip/ddr3_controller/ddr3_controller/user_design/rtl/phy/mig_7series_v4_2_ddr_phy_top.v:1339]
WARNING: [VRFC 10-3091] actual bit length 1 differs from formal bit length 2 for port 'axi_wlock' [f:/Xilinx/Handbook-Genesys2/CH9/SystemVerilog/ddr3_controller_ex/imports/example_top.v:833]
WARNING: [VRFC 10-3091] actual bit length 1 differs from formal bit length 4 for port 'axi_wd_wid' [f:/Xilinx/Handbook-Genesys2/CH9/SystemVerilog/ddr3_controller_ex/imports/example_top.v:840]
WARNING: [VRFC 10-3091] actual bit length 1 differs from formal bit length 2 for port 'axi_rlock' [f:/Xilinx/Handbook-Genesys2/CH9/SystemVerilog/ddr3_controller_ex/imports/example_top.v:859]
WARNING: [VRFC 10-5021] port 'complex_oclk_prech_req' is not connected on this instance [f:/Xilinx/Handbook-Genesys2/CH9/SystemVerilog/ddr3_controller_ex/ddr3_controller_ex.gen/sources_1/ip/ddr3_controller/ddr3_controller/user_design/rtl/phy/mig_7series_v4_2_ddr_calib_top.v:1317]
Completed static elaboration
Starting simulation data flow analysis
Completed simulation data flow analysis
Time Resolution for simulation is 1fs
Compiling module xil_defaultlib.WireDelay(Delay_g=0.0,Delay_rd=0...
Compiling module unisims_ver.MMCME2_ADV(BANDWIDTH="HIGH",CLKF...
Compiling module unisims_ver.BUFG
Compiling module unisims_ver.IDELAYCTRL_default
Compiling module xil_defaultlib.mig_7series_v4_2_iodelay_ctrl(IO...
Compiling module xil_defaultlib.mig_7series_v4_2_clk_ibuf(SYSCLK...
Compiling module unisims_ver.XADC(INIT_40=16'b01000000000000,...
Compiling module xil_defaultlib.mig_7series_v4_2_tempmon_default
Compiling module unisims_ver.PLLE2_ADV(CLKFBOUT_MULT=4,CLKIN1...
Compiling module unisims_ver.BUFH
Compiling module unisims_ver.MMCME2_ADV(BANDWIDTH="HIGH",CLKF...
Compiling module xil_defaultlib.mig_7series_v4_2_infrastructure(...
Compiling module unisims_ver.SRLC32E_default
Compiling module xil_defaultlib.mig_7series_v4_2_rank_cntrl(DQRD...
Compiling module xil_defaultlib.mig_7series_v4_2_round_robin_arb...
Compiling module xil_defaultlib.mig_7series_v4_2_round_robin_arb...
Compiling module xil_defaultlib.mig_7series_v4_2_rank_common(nBA...
Compiling module xil_defaultlib.mig_7series_v4_2_rank_mach(CS_WI...
Compiling module xil_defaultlib.mig_7series_v4_2_bank_compare(CO...
Compiling module xil_defaultlib.mig_7series_v4_2_bank_state(BM_C...
Compiling module xil_defaultlib.mig_7series_v4_2_bank_queue(BM_C...
Compiling module xil_defaultlib.mig_7series_v4_2_bank_cntrl(BM_C...
Compiling module xil_defaultlib.mig_7series_v4_2_bank_state(BM_C...
Compiling module xil_defaultlib.mig_7series_v4_2_bank_queue(BM_C...
Compiling module xil_defaultlib.mig_7series_v4_2_bank_cntrl(BM_C...
Compiling module xil_defaultlib.mig_7series_v4_2_bank_state(BM_C...
Compiling module xil_defaultlib.mig_7series_v4_2_bank_queue(BM_C...
Compiling module xil_defaultlib.mig_7series_v4_2_bank_cntrl(BM_C...
Compiling module xil_defaultlib.mig_7series_v4_2_bank_state(BM_C...
Compiling module xil_defaultlib.mig_7series_v4_2_bank_queue(BM_C...
Compiling module xil_defaultlib.mig_7series_v4_2_bank_cntrl(BM_C...
Compiling module xil_defaultlib.mig_7series_v4_2_bank_state(BM_C...
Compiling module xil_defaultlib.mig_7series_v4_2_bank_queue(BM_C...
Compiling module xil_defaultlib.mig_7series_v4_2_bank_cntrl(BM_C...
Compiling module xil_defaultlib.mig_7series_v4_2_bank_state(BM_C...
Compiling module xil_defaultlib.mig_7series_v4_2_bank_queue(BM_C...
Compiling module xil_defaultlib.mig_7series_v4_2_bank_cntrl(BM_C...
Compiling module xil_defaultlib.mig_7series_v4_2_bank_state(BM_C...
Compiling module xil_defaultlib.mig_7series_v4_2_bank_queue(BM_C...
Compiling module xil_defaultlib.mig_7series_v4_2_bank_cntrl(BM_C...
Compiling module xil_defaultlib.mig_7series_v4_2_bank_state(BM_C...
Compiling module xil_defaultlib.mig_7series_v4_2_bank_queue(BM_C...
Compiling module xil_defaultlib.mig_7series_v4_2_bank_cntrl(BM_C...
Compiling module xil_defaultlib.mig_7series_v4_2_bank_common(BM_...
Compiling module xil_defaultlib.mig_7series_v4_2_round_robin_arb...
Compiling module xil_defaultlib.mig_7series_v4_2_arb_row_col(CWL...
Compiling module xil_defaultlib.mig_7series_v4_2_arb_select(BANK...
Compiling module xil_defaultlib.mig_7series_v4_2_arb_mux(BANK_VE...
Compiling module xil_defaultlib.mig_7series_v4_2_bank_mach(BM_CN...
Compiling module unisims_ver.RAM32M
Compiling module xil_defaultlib.mig_7series_v4_2_col_mach(COL_WI...
Compiling module xil_defaultlib.mig_7series_v4_2_mc(BM_CNT_WIDTH...
Compiling module unisims_ver.OBUF
Compiling module unisims_ver.OBUFT
Compiling module unisims_ver.IOBUF_DCIEN(IBUF_LOW_PWR="FALSE"...
Compiling module unisims_ver.IOBUFDS_DIFF_OUT_DCIEN(DQS_BIAS=...
Compiling module unisims_ver.IDDR
Compiling module xil_defaultlib.mig_7series_v4_2_poc_pd_default
Compiling module xil_defaultlib.mig_7series_v4_2_ddr_of_pre_fifo...
Compiling module xil_defaultlib.mig_7series_v4_2_ddr_of_pre_fifo...
Compiling module unisims_ver.BUFIO
Compiling module xil_defaultlib.mig_7series_v4_2_ddr_if_post_fif...
Compiling module xil_defaultlib.mig_7series_v4_2_ddr_of_pre_fifo...
Compiling module unisims_ver.PHASER_IN_PHY(BURST_MODE="TRUE",...
Compiling module unisims_ver.PHASER_OUT_PHY(CLKOUT_DIV=2,DATA...
Compiling module unisims_ver.IN_FIFO
Compiling module unisims_ver.OUT_FIFO
Compiling module unisims_ver.ISERDESE2(INTERFACE_TYPE="MEMORY...
Compiling module unisims_ver.IDELAYE2_FINEDELAY(FINEDELAY="AD...
Compiling module unisims_ver.OSERDESE2(INIT_OQ=1'b1,INIT_TQ=1...
Compiling module unisims_ver.OSERDESE2(INIT_OQ=1'b1,INIT_TQ=1...
Compiling module unisims_ver.ODDR(DDR_CLK_EDGE="SAME_EDGE")
Compiling module xil_defaultlib.mig_7series_v4_2_ddr_byte_group_...
Compiling module xil_defaultlib.mig_7series_v4_2_ddr_byte_lane(P...
Compiling module xil_defaultlib.mig_7series_v4_2_ddr_byte_group_...
Compiling module xil_defaultlib.mig_7series_v4_2_ddr_byte_lane(A...
Compiling module xil_defaultlib.mig_7series_v4_2_ddr_byte_lane(A...
Compiling module xil_defaultlib.mig_7series_v4_2_ddr_byte_lane(A...
Compiling module unisims_ver.PHY_CONTROL(AO_TOGGLE=1,BURST_MO...
Compiling module unisims_ver.PHASER_REF
Compiling module xil_defaultlib.mig_7series_v4_2_ddr_phy_4lanes(...
WARNING: [VRFC 10-8809] cannot index into scalar type parameter/localparam 'PRESENT_DATA_A' [f:/Xilinx/Handbook-Genesys2/CH9/SystemVerilog/ddr3_controller_ex/ddr3_controller_ex.gen/sources_1/ip/ddr3_controller/ddr3_controller/user_design/rtl/phy/mig_7series_v4_2_ddr_phy_4lanes.v:709]
WARNING: [VRFC 10-8809] cannot index into scalar type parameter/localparam 'PRESENT_DATA_B' [f:/Xilinx/Handbook-Genesys2/CH9/SystemVerilog/ddr3_controller_ex/ddr3_controller_ex.gen/sources_1/ip/ddr3_controller/ddr3_controller/user_design/rtl/phy/mig_7series_v4_2_ddr_phy_4lanes.v:708]
WARNING: [VRFC 10-8809] cannot index into scalar type parameter/localparam 'PRESENT_DATA_C' [f:/Xilinx/Handbook-Genesys2/CH9/SystemVerilog/ddr3_controller_ex/ddr3_controller_ex.gen/sources_1/ip/ddr3_controller/ddr3_controller/user_design/rtl/phy/mig_7series_v4_2_ddr_phy_4lanes.v:707]
WARNING: [VRFC 10-8809] cannot index into scalar type parameter/localparam 'PRESENT_DATA_D' [f:/Xilinx/Handbook-Genesys2/CH9/SystemVerilog/ddr3_controller_ex/ddr3_controller_ex.gen/sources_1/ip/ddr3_controller/ddr3_controller/user_design/rtl/phy/mig_7series_v4_2_ddr_phy_4lanes.v:706]
Compiling module unisims_ver.PHASER_OUT_PHY(FINE_DELAY=60,MEM...
Compiling module unisims_ver.OUT_FIFO(ARRAY_MODE="ARRAY_MODE_...
Compiling module unisims_ver.OSERDESE2(DATA_RATE_OQ="SDR",DAT...
Compiling module xil_defaultlib.mig_7series_v4_2_ddr_byte_group_...
Compiling module xil_defaultlib.mig_7series_v4_2_ddr_byte_lane(B...
Compiling module xil_defaultlib.mig_7series_v4_2_ddr_byte_group_...
Compiling module xil_defaultlib.mig_7series_v4_2_ddr_byte_lane(A...
Compiling module xil_defaultlib.mig_7series_v4_2_ddr_byte_group_...
Compiling module xil_defaultlib.mig_7series_v4_2_ddr_byte_lane(A...
Compiling module xil_defaultlib.mig_7series_v4_2_ddr_byte_group_...
Compiling module unisims_ver.OBUFDS
Compiling module xil_defaultlib.mig_7series_v4_2_ddr_byte_lane(A...
Compiling module unisims_ver.PHY_CONTROL(AO_TOGGLE=1,BURST_MO...
Compiling module xil_defaultlib.mig_7series_v4_2_ddr_phy_4lanes(...
Compiling module xil_defaultlib.mig_7series_v4_2_ddr_mc_phy(BYTE...
Compiling module xil_defaultlib.mig_7series_v4_2_ddr_mc_phy_wrap...
Compiling module xil_defaultlib.mig_7series_v4_2_ddr_prbs_gen(DQ...
Compiling module xil_defaultlib.mig_7series_v4_2_ddr_phy_init(tC...
Compiling module xil_defaultlib.mig_7series_v4_2_ddr_phy_wrcal(n...
Compiling module xil_defaultlib.mig_7series_v4_2_ddr_phy_wrlvl(D...
Compiling module xil_defaultlib.mig_7series_v4_2_ddr_phy_ck_addr...
Compiling module xil_defaultlib.mig_7series_v4_2_ddr_phy_dqs_fou...
Compiling module xil_defaultlib.mig_7series_v4_2_ddr_phy_rdlvl(n...
Compiling module xil_defaultlib.mig_7series_v4_2_ddr_phy_prbs_rd...
Compiling module xil_defaultlib.mig_7series_v4_2_ddr_phy_tempmon...
Compiling module xil_defaultlib.mig_7series_v4_2_ddr_calib_top(n...
Compiling module xil_defaultlib.mig_7series_v4_2_ddr_phy_top(DDR...
Compiling module xil_defaultlib.mig_7series_v4_2_mem_intfc(DDR3_...
Compiling module xil_defaultlib.mig_7series_v4_2_ui_cmd(ADDR_WID...
Compiling module xil_defaultlib.mig_7series_v4_2_ui_wr_data(nCK_...
Compiling module xil_defaultlib.mig_7series_v4_2_ui_rd_data(nCK_...
Compiling module xil_defaultlib.mig_7series_v4_2_ui_top(COL_WIDT...
Compiling module xil_defaultlib.mig_7series_v4_2_ddr_axic_regist...
Compiling module xil_defaultlib.mig_7series_v4_2_ddr_axic_regist...
Compiling module xil_defaultlib.mig_7series_v4_2_ddr_axic_regist...
Compiling module xil_defaultlib.mig_7series_v4_2_ddr_axic_regist...
Compiling module xil_defaultlib.mig_7series_v4_2_ddr_axi_registe...
Compiling module xil_defaultlib.mig_7series_v4_2_ddr_axic_regist...
Compiling module xil_defaultlib.mig_7series_v4_2_ddr_axic_regist...
Compiling module xil_defaultlib.mig_7series_v4_2_ddr_axic_regist...
Compiling module xil_defaultlib.mig_7series_v4_2_ddr_axic_regist...
Compiling module xil_defaultlib.mig_7series_v4_2_ddr_axi_registe...
Compiling module xil_defaultlib.mig_7series_v4_2_ddr_axic_regist...
Compiling module xil_defaultlib.mig_7series_v4_2_ddr_axic_regist...
Compiling module xil_defaultlib.mig_7series_v4_2_ddr_axic_regist...
Compiling module xil_defaultlib.mig_7series_v4_2_ddr_axi_registe...
Compiling module unisims_ver.MUXCY
Compiling module unisims_ver.XORCY
Compiling module unisims_ver.AND2B1L
Compiling module xil_defaultlib.mig_7series_v4_2_ddr_carry_latch...
Compiling module xil_defaultlib.mig_7series_v4_2_ddr_carry_and(C...
Compiling module unisims_ver.OR2L
Compiling module xil_defaultlib.mig_7series_v4_2_ddr_carry_latch...
Compiling module unisims_ver.FDRE_default
Compiling module xil_defaultlib.mig_7series_v4_2_ddr_command_fif...
Compiling module xil_defaultlib.mig_7series_v4_2_ddr_a_upsizer(C...
Compiling module xil_defaultlib.mig_7series_v4_2_ddr_comparator_...
Compiling module xil_defaultlib.mig_7series_v4_2_ddr_carry_or(C_...
Compiling module unisims_ver.LUT6_2
Compiling module unisims_ver.LUT4(INIT=16'b1100110011001010)
Compiling module unisims_ver.LUT6
Compiling module unisims_ver.FDSE_default
Compiling module xil_defaultlib.mig_7series_v4_2_ddr_comparator_...
Compiling module xil_defaultlib.mig_7series_v4_2_ddr_comparator_...
Compiling module xil_defaultlib.mig_7series_v4_2_ddr_w_upsizer(C...
Compiling module xil_defaultlib.mig_7series_v4_2_ddr_r_upsizer(C...
Compiling module xil_defaultlib.mig_7series_v4_2_ddr_axi_upsizer...
Compiling module xil_defaultlib.mig_7series_v4_2_ddr_axic_regist...
Compiling module xil_defaultlib.mig_7series_v4_2_ddr_axic_regist...
Compiling module xil_defaultlib.mig_7series_v4_2_ddr_axi_registe...
Compiling module xil_defaultlib.mig_7series_v4_2_axi_mc_incr_cmd...
Compiling module xil_defaultlib.mig_7series_v4_2_axi_mc_wrap_cmd...
Compiling module xil_defaultlib.mig_7series_v4_2_axi_mc_cmd_tran...
Compiling module xil_defaultlib.mig_7series_v4_2_axi_mc_wr_cmd_f...
Compiling module xil_defaultlib.mig_7series_v4_2_axi_mc_aw_chann...
Compiling module xil_defaultlib.mig_7series_v4_2_axi_mc_w_channe...
Compiling module xil_defaultlib.mig_7series_v4_2_axi_mc_fifo(C_W...
Compiling module xil_defaultlib.mig_7series_v4_2_axi_mc_b_channe...
Compiling module xil_defaultlib.mig_7series_v4_2_axi_mc_incr_cmd...
Compiling module xil_defaultlib.mig_7series_v4_2_axi_mc_wrap_cmd...
Compiling module xil_defaultlib.mig_7series_v4_2_axi_mc_cmd_tran...
Compiling module xil_defaultlib.mig_7series_v4_2_axi_mc_cmd_fsm(...
Compiling module xil_defaultlib.mig_7series_v4_2_axi_mc_ar_chann...
Compiling module xil_defaultlib.mig_7series_v4_2_axi_mc_fifo(C_W...
Compiling module xil_defaultlib.mig_7series_v4_2_axi_mc_fifo(C_W...
Compiling module xil_defaultlib.mig_7series_v4_2_axi_mc_r_channe...
Compiling module xil_defaultlib.mig_7series_v4_2_axi_mc_cmd_arbi...
Compiling module xil_defaultlib.mig_7series_v4_2_axi_mc(C_FAMILY...
Compiling module xil_defaultlib.mig_7series_v4_2_memc_ui_top_axi...
Compiling module xil_defaultlib.ddr3_controller_mig_default
Compiling module xil_defaultlib.ddr3_controller
Compiling module xil_defaultlib.mig_7series_v4_2_axi4_wrapper(C_...
Compiling module xil_defaultlib.mig_7series_v4_2_data_gen_chk(C_...
Compiling module xil_defaultlib.mig_7series_v4_2_cmd_prbs_gen_ax...
Compiling module xil_defaultlib.mig_7series_v4_2_cmd_prbs_gen_ax...
Compiling module xil_defaultlib.mig_7series_v4_2_tg(C_AXI_ADDR_W...
Compiling module xil_defaultlib.mig_7series_v4_2_axi4_tg(C_AXI_A...
Compiling module xil_defaultlib.example_top(END_ADDRESS=32'b0111...
Compiling module xil_defaultlib.ddr3_model_default
Compiling module xil_defaultlib.sim_tb_top
Compiling module xil_defaultlib.glbl
Built simulation snapshot sim_tb_top_behav
run_program: Time (s): cpu = 00:00:09 ; elapsed = 00:03:07 . Memory (MB): peak = 1490.320 ; gain = 0.000
INFO: [USF-XSim-69] 'elaborate' step finished in '187' seconds
INFO: [USF-XSim-4] XSim::Simulate design
INFO: [USF-XSim-61] Executing 'SIMULATE' step in 'f:/Xilinx/Handbook-Genesys2/CH9/SystemVerilog/ddr3_controller_ex/ddr3_controller_ex.sim/sim_1/behav/xsim'
INFO: [USF-XSim-98] *** Running xsim
   with args "sim_tb_top_behav -key {Behavioral:sim_1:Functional:sim_tb_top} -tclbatch {sim_tb_top.tcl} -log {simulate.log}"
INFO: [USF-XSim-8] Loading simulator feature
Time resolution is 1 fs
source sim_tb_top.tcl
# set curr_wave [current_wave_config]
# if { [string length $curr_wave] == 0 } {
#   if { [llength [get_objects]] > 0} {
#     add_wave /
#     set_property needs_save false [current_wave_config]
#   } else {
#      send_msg_id Add_Wave-1 WARNING "No top level signals found. Simulator will start without a wave window. If you want to open a wave window go to 'File->New Waveform Configuration' or type 'create_wave_config' in the TCL console."
#   }
# }
# run 1000ns
WARNING: file design.txt could not be opened
 *** Warning: The analog data file design.txt for XADC instance sim_tb_top.u_ip_top.u_ddr3_controller.u_ddr3_controller_mig.temp_mon_enabled.u_tempmon.xadc_supplied_temperature.XADC_inst was not found. Use the SIM_MONITOR_FILE parameter to specify the analog data file name or use the default name: design.txt.

############# Write Clocks PLLE2_ADV Parameters #############

nCK_PER_CLK      =       4
CLK_PERIOD       =    1250
CLKIN1_PERIOD    =   1.250
DIVCLK_DIVIDE    =       2
CLKFBOUT_MULT    =       4
VCO_PERIOD       =   625.0
CLKOUT0_DIVIDE_F =       2
CLKOUT1_DIVIDE   =       2
CLKOUT2_DIVIDE   =      32
CLKOUT3_DIVIDE   =       8
CLKOUT0_PERIOD   =    1250
CLKOUT1_PERIOD   =    1250
CLKOUT2_PERIOD   =   20000
CLKOUT3_PERIOD   =    5000
CLKOUT4_PERIOD   =    2500
############################################################

############# MMCME2_ADV Parameters #############

MMCM_MULT_F           =           4
MMCM_VCO_FREQ (MHz)   = 800.000
MMCM_VCO_PERIOD       = 1250.000
#################################################

sim_tb_top.u_ip_top.u_ddr3_controller.u_ddr3_controller_mig.u_memc_ui_top_axi.mem_intfc0.ddr_phy_top0.u_ddr_mc_phy_wrapper.u_ddr_mc_phy : BYTE_LANES_B0 = f BYTE_LANES_B1 = f DATA_CTL_B0 = f DATA_CTL_B1 = 0
sim_tb_top.u_ip_top.u_ddr3_controller.u_ddr3_controller_mig.u_memc_ui_top_axi.mem_intfc0.ddr_phy_top0.u_ddr_mc_phy_wrapper.u_ddr_mc_phy : HIGHEST_LANE =           8 HIGHEST_LANE_B0 =           4 HIGHEST_LANE_B1 =           4
sim_tb_top.u_ip_top.u_ddr3_controller.u_ddr3_controller_mig.u_memc_ui_top_axi.mem_intfc0.ddr_phy_top0.u_ddr_mc_phy_wrapper.u_ddr_mc_phy : HIGHEST_BANK =           2
sim_tb_top.u_ip_top.u_ddr3_controller.u_ddr3_controller_mig.u_memc_ui_top_axi.mem_intfc0.ddr_phy_top0.u_ddr_mc_phy_wrapper.u_ddr_mc_phy : FREQ_REF_PERIOD         = 1250.00 
sim_tb_top.u_ip_top.u_ddr3_controller.u_ddr3_controller_mig.u_memc_ui_top_axi.mem_intfc0.ddr_phy_top0.u_ddr_mc_phy_wrapper.u_ddr_mc_phy : DDR_TCK                 = 1250 
sim_tb_top.u_ip_top.u_ddr3_controller.u_ddr3_controller_mig.u_memc_ui_top_axi.mem_intfc0.ddr_phy_top0.u_ddr_mc_phy_wrapper.u_ddr_mc_phy : PO_S2_TAPS_SIZE         = 9.77 
sim_tb_top.u_ip_top.u_ddr3_controller.u_ddr3_controller_mig.u_memc_ui_top_axi.mem_intfc0.ddr_phy_top0.u_ddr_mc_phy_wrapper.u_ddr_mc_phy : PO_CIRC_BUF_EARLY       = 0 
sim_tb_top.u_ip_top.u_ddr3_controller.u_ddr3_controller_mig.u_memc_ui_top_axi.mem_intfc0.ddr_phy_top0.u_ddr_mc_phy_wrapper.u_ddr_mc_phy : PO_CIRC_BUF_OFFSET      = 30.25 
sim_tb_top.u_ip_top.u_ddr3_controller.u_ddr3_controller_mig.u_memc_ui_top_axi.mem_intfc0.ddr_phy_top0.u_ddr_mc_phy_wrapper.u_ddr_mc_phy : PO_CIRC_BUF_META_ZONE   = 200.00 
sim_tb_top.u_ip_top.u_ddr3_controller.u_ddr3_controller_mig.u_memc_ui_top_axi.mem_intfc0.ddr_phy_top0.u_ddr_mc_phy_wrapper.u_ddr_mc_phy : PO_STG2_FINE_INTR_DLY   = 769.25 
sim_tb_top.u_ip_top.u_ddr3_controller.u_ddr3_controller_mig.u_memc_ui_top_axi.mem_intfc0.ddr_phy_top0.u_ddr_mc_phy_wrapper.u_ddr_mc_phy : PO_STG2_COARSE_INTR_DLY = 511.00 
sim_tb_top.u_ip_top.u_ddr3_controller.u_ddr3_controller_mig.u_memc_ui_top_axi.mem_intfc0.ddr_phy_top0.u_ddr_mc_phy_wrapper.u_ddr_mc_phy : PO_STG2_INTRINSIC_DELAY = 1280.25 
sim_tb_top.u_ip_top.u_ddr3_controller.u_ddr3_controller_mig.u_memc_ui_top_axi.mem_intfc0.ddr_phy_top0.u_ddr_mc_phy_wrapper.u_ddr_mc_phy : PO_CIRC_BUF_DELAY       = 60 
sim_tb_top.u_ip_top.u_ddr3_controller.u_ddr3_controller_mig.u_memc_ui_top_axi.mem_intfc0.ddr_phy_top0.u_ddr_mc_phy_wrapper.u_ddr_mc_phy : PO_INTRINSIC_DELAY      = 1280.25 
sim_tb_top.u_ip_top.u_ddr3_controller.u_ddr3_controller_mig.u_memc_ui_top_axi.mem_intfc0.ddr_phy_top0.u_ddr_mc_phy_wrapper.u_ddr_mc_phy : PO_DELAY                = 1866.19 
sim_tb_top.u_ip_top.u_ddr3_controller.u_ddr3_controller_mig.u_memc_ui_top_axi.mem_intfc0.ddr_phy_top0.u_ddr_mc_phy_wrapper.u_ddr_mc_phy : PO_OCLK_DELAY           = 15 
sim_tb_top.u_ip_top.u_ddr3_controller.u_ddr3_controller_mig.u_memc_ui_top_axi.mem_intfc0.ddr_phy_top0.u_ddr_mc_phy_wrapper.u_ddr_mc_phy : L_PHY_0_PO_FINE_DELAY   = 60 
sim_tb_top.u_ip_top.u_ddr3_controller.u_ddr3_controller_mig.u_memc_ui_top_axi.mem_intfc0.ddr_phy_top0.u_ddr_mc_phy_wrapper.u_ddr_mc_phy : PI_STG1_INTRINSIC_DELAY = 0.00 
sim_tb_top.u_ip_top.u_ddr3_controller.u_ddr3_controller_mig.u_memc_ui_top_axi.mem_intfc0.ddr_phy_top0.u_ddr_mc_phy_wrapper.u_ddr_mc_phy : PI_STG2_INTRINSIC_DELAY = 744.00 
sim_tb_top.u_ip_top.u_ddr3_controller.u_ddr3_controller_mig.u_memc_ui_top_axi.mem_intfc0.ddr_phy_top0.u_ddr_mc_phy_wrapper.u_ddr_mc_phy : PI_INTRINSIC_DELAY      = 744.00 
sim_tb_top.u_ip_top.u_ddr3_controller.u_ddr3_controller_mig.u_memc_ui_top_axi.mem_intfc0.ddr_phy_top0.u_ddr_mc_phy_wrapper.u_ddr_mc_phy : PI_MAX_STG2_DELAY       = 615.23 
sim_tb_top.u_ip_top.u_ddr3_controller.u_ddr3_controller_mig.u_memc_ui_top_axi.mem_intfc0.ddr_phy_top0.u_ddr_mc_phy_wrapper.u_ddr_mc_phy : PI_OFFSET               = -78.00 
sim_tb_top.u_ip_top.u_ddr3_controller.u_ddr3_controller_mig.u_memc_ui_top_axi.mem_intfc0.ddr_phy_top0.u_ddr_mc_phy_wrapper.u_ddr_mc_phy : a negative PI_OFFSET means that rclk path is longer than oclk path so rclk will be delayed to next oclk edge and the negedge of rclk may be used.
sim_tb_top.u_ip_top.u_ddr3_controller.u_ddr3_controller_mig.u_memc_ui_top_axi.mem_intfc0.ddr_phy_top0.u_ddr_mc_phy_wrapper.u_ddr_mc_phy : PI_STG2_DELAY           = 547.00 
sim_tb_top.u_ip_top.u_ddr3_controller.u_ddr3_controller_mig.u_memc_ui_top_axi.mem_intfc0.ddr_phy_top0.u_ddr_mc_phy_wrapper.u_ddr_mc_phy :PI_STG2_DELAY_CAND       = 547.00 
sim_tb_top.u_ip_top.u_ddr3_controller.u_ddr3_controller_mig.u_memc_ui_top_axi.mem_intfc0.ddr_phy_top0.u_ddr_mc_phy_wrapper.u_ddr_mc_phy : DEFAULT_RCLK_DELAY      = 56 
sim_tb_top.u_ip_top.u_ddr3_controller.u_ddr3_controller_mig.u_memc_ui_top_axi.mem_intfc0.ddr_phy_top0.u_ddr_mc_phy_wrapper.u_ddr_mc_phy : RCLK_SELECT_EDGE        = 0 
sim_tb_top.mem_rnk[0].mem.gen_mem[0].u_comp_ddr3.reset at time 694162.0 ps WARNING: 200 us is required before RST_N goes inactive.
sim_tb_top.mem_rnk[0].mem.gen_mem[1].u_comp_ddr3.reset at time 694162.0 ps WARNING: 200 us is required before RST_N goes inactive.
sim_tb_top.mem_rnk[0].mem.gen_mem[0].u_comp_ddr3.cmd_task at time 726751.0 ps WARNING: 500 us is required after RST_N goes inactive before CKE goes active.
sim_tb_top.mem_rnk[0].mem.gen_mem[1].u_comp_ddr3.cmd_task at time 726751.0 ps WARNING: 500 us is required after RST_N goes inactive before CKE goes active.
sim_tb_top.mem_rnk[0].mem.gen_mem[0].u_comp_ddr3.cmd_task: at time 966751.0 ps INFO: Load Mode 2
sim_tb_top.mem_rnk[0].mem.gen_mem[0].u_comp_ddr3.cmd_task: at time 966751.0 ps INFO: Load Mode 2 Partial Array Self Refresh = Bank 0-7
sim_tb_top.mem_rnk[0].mem.gen_mem[0].u_comp_ddr3.cmd_task: at time 966751.0 ps INFO: Load Mode 2 CAS Write Latency =           8
sim_tb_top.mem_rnk[0].mem.gen_mem[0].u_comp_ddr3.cmd_task: at time 966751.0 ps INFO: Load Mode 2 Auto Self Refresh = Disabled
sim_tb_top.mem_rnk[0].mem.gen_mem[0].u_comp_ddr3.cmd_task: at time 966751.0 ps INFO: Load Mode 2 Self Refresh Temperature = Normal
sim_tb_top.mem_rnk[0].mem.gen_mem[0].u_comp_ddr3.cmd_task: at time 966751.0 ps INFO: Load Mode 2 Dynamic ODT = Disabled
sim_tb_top.mem_rnk[0].mem.gen_mem[1].u_comp_ddr3.cmd_task: at time 966751.0 ps INFO: Load Mode 2
sim_tb_top.mem_rnk[0].mem.gen_mem[1].u_comp_ddr3.cmd_task: at time 966751.0 ps INFO: Load Mode 2 Partial Array Self Refresh = Bank 0-7
sim_tb_top.mem_rnk[0].mem.gen_mem[1].u_comp_ddr3.cmd_task: at time 966751.0 ps INFO: Load Mode 2 CAS Write Latency =           8
sim_tb_top.mem_rnk[0].mem.gen_mem[1].u_comp_ddr3.cmd_task: at time 966751.0 ps INFO: Load Mode 2 Auto Self Refresh = Disabled
sim_tb_top.mem_rnk[0].mem.gen_mem[1].u_comp_ddr3.cmd_task: at time 966751.0 ps INFO: Load Mode 2 Self Refresh Temperature = Normal
sim_tb_top.mem_rnk[0].mem.gen_mem[1].u_comp_ddr3.cmd_task: at time 966751.0 ps INFO: Load Mode 2 Dynamic ODT = Disabled
run: Time (s): cpu = 00:00:03 ; elapsed = 00:00:12 . Memory (MB): peak = 1510.320 ; gain = 1.953
# source -notrace {../../../../imports/xsim_options.tcl}
sim_tb_top.mem_rnk[0].mem.gen_mem[0].u_comp_ddr3.cmd_task: at time 1616751.0 ps INFO: Load Mode 3
sim_tb_top.mem_rnk[0].mem.gen_mem[0].u_comp_ddr3.cmd_task: at time 1616751.0 ps INFO: Load Mode 3 MultiPurpose Register Select = Pre-defined pattern
sim_tb_top.mem_rnk[0].mem.gen_mem[0].u_comp_ddr3.cmd_task: at time 1616751.0 ps INFO: Load Mode 3 MultiPurpose Register Enable = Disabled
sim_tb_top.mem_rnk[0].mem.gen_mem[1].u_comp_ddr3.cmd_task: at time 1616751.0 ps INFO: Load Mode 3
sim_tb_top.mem_rnk[0].mem.gen_mem[1].u_comp_ddr3.cmd_task: at time 1616751.0 ps INFO: Load Mode 3 MultiPurpose Register Select = Pre-defined pattern
sim_tb_top.mem_rnk[0].mem.gen_mem[1].u_comp_ddr3.cmd_task: at time 1616751.0 ps INFO: Load Mode 3 MultiPurpose Register Enable = Disabled
sim_tb_top.mem_rnk[0].mem.gen_mem[0].u_comp_ddr3.cmd_task: at time 2266751.0 ps INFO: Load Mode 1
sim_tb_top.mem_rnk[0].mem.gen_mem[0].u_comp_ddr3.cmd_task: at time 2266751.0 ps INFO: Load Mode 1 DLL Enable = Enabled
sim_tb_top.mem_rnk[0].mem.gen_mem[0].u_comp_ddr3.cmd_task: at time 2266751.0 ps INFO: Load Mode 1 Output Drive Strength =          34 Ohm
sim_tb_top.mem_rnk[0].mem.gen_mem[0].u_comp_ddr3.cmd_task: at time 2266751.0 ps INFO: Load Mode 1 ODT Rtt =          40 Ohm
sim_tb_top.mem_rnk[0].mem.gen_mem[0].u_comp_ddr3.cmd_task: at time 2266751.0 ps INFO: Load Mode 1 Additive Latency = 0
sim_tb_top.mem_rnk[0].mem.gen_mem[0].u_comp_ddr3.cmd_task: at time 2266751.0 ps INFO: Load Mode 1 Write Levelization = Disabled
sim_tb_top.mem_rnk[0].mem.gen_mem[0].u_comp_ddr3.cmd_task: at time 2266751.0 ps INFO: Load Mode 1 TDQS Enable = Disabled
sim_tb_top.mem_rnk[0].mem.gen_mem[0].u_comp_ddr3.cmd_task: at time 2266751.0 ps INFO: Load Mode 1 Qoff = Enabled
sim_tb_top.mem_rnk[0].mem.gen_mem[1].u_comp_ddr3.cmd_task: at time 2266751.0 ps INFO: Load Mode 1
sim_tb_top.mem_rnk[0].mem.gen_mem[1].u_comp_ddr3.cmd_task: at time 2266751.0 ps INFO: Load Mode 1 DLL Enable = Enabled
sim_tb_top.mem_rnk[0].mem.gen_mem[1].u_comp_ddr3.cmd_task: at time 2266751.0 ps INFO: Load Mode 1 Output Drive Strength =          34 Ohm
sim_tb_top.mem_rnk[0].mem.gen_mem[1].u_comp_ddr3.cmd_task: at time 2266751.0 ps INFO: Load Mode 1 ODT Rtt =          40 Ohm
sim_tb_top.mem_rnk[0].mem.gen_mem[1].u_comp_ddr3.cmd_task: at time 2266751.0 ps INFO: Load Mode 1 Additive Latency = 0
sim_tb_top.mem_rnk[0].mem.gen_mem[1].u_comp_ddr3.cmd_task: at time 2266751.0 ps INFO: Load Mode 1 Write Levelization = Disabled
sim_tb_top.mem_rnk[0].mem.gen_mem[1].u_comp_ddr3.cmd_task: at time 2266751.0 ps INFO: Load Mode 1 TDQS Enable = Disabled
sim_tb_top.mem_rnk[0].mem.gen_mem[1].u_comp_ddr3.cmd_task: at time 2266751.0 ps INFO: Load Mode 1 Qoff = Enabled
sim_tb_top.mem_rnk[0].mem.gen_mem[0].u_comp_ddr3.cmd_task: at time 2916751.0 ps INFO: Load Mode 0
sim_tb_top.mem_rnk[0].mem.gen_mem[0].u_comp_ddr3.cmd_task: at time 2916751.0 ps INFO: Load Mode 0 Burst Length =  8
sim_tb_top.mem_rnk[0].mem.gen_mem[0].u_comp_ddr3.cmd_task: at time 2916751.0 ps INFO: Load Mode 0 Burst Order = Sequential
sim_tb_top.mem_rnk[0].mem.gen_mem[0].u_comp_ddr3.cmd_task: at time 2916751.0 ps INFO: Load Mode 0 CAS Latency =          11
sim_tb_top.mem_rnk[0].mem.gen_mem[0].u_comp_ddr3.cmd_task: at time 2916751.0 ps INFO: Load Mode 0 DLL Reset = Reset DLL
sim_tb_top.mem_rnk[0].mem.gen_mem[0].u_comp_ddr3.cmd_task: at time 2916751.0 ps INFO: Load Mode 0 Write Recovery =          12
sim_tb_top.mem_rnk[0].mem.gen_mem[0].u_comp_ddr3.cmd_task: at time 2916751.0 ps INFO: Load Mode 0 Power Down Mode = DLL off
sim_tb_top.mem_rnk[0].mem.gen_mem[1].u_comp_ddr3.cmd_task: at time 2916751.0 ps INFO: Load Mode 0
sim_tb_top.mem_rnk[0].mem.gen_mem[1].u_comp_ddr3.cmd_task: at time 2916751.0 ps INFO: Load Mode 0 Burst Length =  8
sim_tb_top.mem_rnk[0].mem.gen_mem[1].u_comp_ddr3.cmd_task: at time 2916751.0 ps INFO: Load Mode 0 Burst Order = Sequential
sim_tb_top.mem_rnk[0].mem.gen_mem[1].u_comp_ddr3.cmd_task: at time 2916751.0 ps INFO: Load Mode 0 CAS Latency =          11
sim_tb_top.mem_rnk[0].mem.gen_mem[1].u_comp_ddr3.cmd_task: at time 2916751.0 ps INFO: Load Mode 0 DLL Reset = Reset DLL
sim_tb_top.mem_rnk[0].mem.gen_mem[1].u_comp_ddr3.cmd_task: at time 2916751.0 ps INFO: Load Mode 0 Write Recovery =          12
sim_tb_top.mem_rnk[0].mem.gen_mem[1].u_comp_ddr3.cmd_task: at time 2916751.0 ps INFO: Load Mode 0 Power Down Mode = DLL off
sim_tb_top.mem_rnk[0].mem.gen_mem[0].u_comp_ddr3.cmd_task: at time 3566751.0 ps INFO: ZQ        long = 1
sim_tb_top.mem_rnk[0].mem.gen_mem[0].u_comp_ddr3.cmd_task: at time 3566751.0 ps INFO: Initialization Sequence is complete
sim_tb_top.mem_rnk[0].mem.gen_mem[1].u_comp_ddr3.cmd_task: at time 3566751.0 ps INFO: ZQ        long = 1
sim_tb_top.mem_rnk[0].mem.gen_mem[1].u_comp_ddr3.cmd_task: at time 3566751.0 ps INFO: Initialization Sequence is complete
PHY_INIT: Memory Initialization completed at 4804162.0 ps
sim_tb_top.mem_rnk[0].mem.gen_mem[0].u_comp_ddr3.cmd_task: at time 4856751.0 ps INFO: Activate  bank 0 row 0000
sim_tb_top.mem_rnk[0].mem.gen_mem[1].u_comp_ddr3.cmd_task: at time 4856751.0 ps INFO: Activate  bank 0 row 0000
sim_tb_top.mem_rnk[0].mem.gen_mem[0].u_comp_ddr3.cmd_task: at time 5506751.0 ps INFO: Read      bank 0 col 000, auto precharge 0
sim_tb_top.mem_rnk[0].mem.gen_mem[1].u_comp_ddr3.cmd_task: at time 5506751.0 ps INFO: Read      bank 0 col 000, auto precharge 0
sim_tb_top.mem_rnk[0].mem.gen_mem[0].u_comp_ddr3.cmd_task: at time 5511751.0 ps INFO: Read      bank 0 col 000, auto precharge 0
sim_tb_top.mem_rnk[0].mem.gen_mem[1].u_comp_ddr3.cmd_task: at time 5511751.0 ps INFO: Read      bank 0 col 000, auto precharge 0
sim_tb_top.mem_rnk[0].mem.gen_mem[0].u_comp_ddr3.cmd_task: at time 5516751.0 ps INFO: Read      bank 0 col 000, auto precharge 0
sim_tb_top.mem_rnk[0].mem.gen_mem[1].u_comp_ddr3.cmd_task: at time 5516751.0 ps INFO: Read      bank 0 col 000, auto precharge 0
sim_tb_top.mem_rnk[0].mem.gen_mem[0].u_comp_ddr3.data_task: at time 5519876.0 ps INFO: READ @ DQS= bank = 0 row = 0000 col = 00000000 data = xxxx
sim_tb_top.mem_rnk[0].mem.gen_mem[1].u_comp_ddr3.data_task: at time 5519876.0 ps INFO: READ @ DQS= bank = 0 row = 0000 col = 00000000 data = xxxx
sim_tb_top.mem_rnk[0].mem.gen_mem[0].u_comp_ddr3.data_task: at time 5520501.0 ps INFO: READ @ DQS= bank = 0 row = 0000 col = 00000001 data = xxxx
sim_tb_top.mem_rnk[0].mem.gen_mem[1].u_comp_ddr3.data_task: at time 5520501.0 ps INFO: READ @ DQS= bank = 0 row = 0000 col = 00000001 data = xxxx
sim_tb_top.mem_rnk[0].mem.gen_mem[0].u_comp_ddr3.data_task: at time 5521126.0 ps INFO: READ @ DQS= bank = 0 row = 0000 col = 00000002 data = xxxx
sim_tb_top.mem_rnk[0].mem.gen_mem[1].u_comp_ddr3.data_task: at time 5521126.0 ps INFO: READ @ DQS= bank = 0 row = 0000 col = 00000002 data = xxxx
sim_tb_top.mem_rnk[0].mem.gen_mem[0].u_comp_ddr3.data_task: at time 5521751.0 ps INFO: READ @ DQS= bank = 0 row = 0000 col = 00000003 data = xxxx
sim_tb_top.mem_rnk[0].mem.gen_mem[0].u_comp_ddr3.cmd_task: at time 5521751.0 ps INFO: Read      bank 0 col 000, auto precharge 0
sim_tb_top.mem_rnk[0].mem.gen_mem[1].u_comp_ddr3.data_task: at time 5521751.0 ps INFO: READ @ DQS= bank = 0 row = 0000 col = 00000003 data = xxxx
sim_tb_top.mem_rnk[0].mem.gen_mem[1].u_comp_ddr3.cmd_task: at time 5521751.0 ps INFO: Read      bank 0 col 000, auto precharge 0
sim_tb_top.mem_rnk[0].mem.gen_mem[0].u_comp_ddr3.data_task: at time 5522376.0 ps INFO: READ @ DQS= bank = 0 row = 0000 col = 00000004 data = xxxx
sim_tb_top.mem_rnk[0].mem.gen_mem[1].u_comp_ddr3.data_task: at time 5522376.0 ps INFO: READ @ DQS= bank = 0 row = 0000 col = 00000004 data = xxxx
sim_tb_top.mem_rnk[0].mem.gen_mem[0].u_comp_ddr3.data_task: at time 5523001.0 ps INFO: READ @ DQS= bank = 0 row = 0000 col = 00000005 data = xxxx
sim_tb_top.mem_rnk[0].mem.gen_mem[1].u_comp_ddr3.data_task: at time 5523001.0 ps INFO: READ @ DQS= bank = 0 row = 0000 col = 00000005 data = xxxx
sim_tb_top.mem_rnk[0].mem.gen_mem[0].u_comp_ddr3.data_task: at time 5523626.0 ps INFO: READ @ DQS= bank = 0 row = 0000 col = 00000006 data = xxxx
sim_tb_top.mem_rnk[0].mem.gen_mem[1].u_comp_ddr3.data_task: at time 5523626.0 ps INFO: READ @ DQS= bank = 0 row = 0000 col = 00000006 data = xxxx
sim_tb_top.mem_rnk[0].mem.gen_mem[0].u_comp_ddr3.data_task: at time 5524251.0 ps INFO: READ @ DQS= bank = 0 row = 0000 col = 00000007 data = xxxx
sim_tb_top.mem_rnk[0].mem.gen_mem[1].u_comp_ddr3.data_task: at time 5524251.0 ps INFO: READ @ DQS= bank = 0 row = 0000 col = 00000007 data = xxxx
sim_tb_top.mem_rnk[0].mem.gen_mem[0].u_comp_ddr3.data_task: at time 5524876.0 ps INFO: READ @ DQS= bank = 0 row = 0000 col = 00000000 data = xxxx
sim_tb_top.mem_rnk[0].mem.gen_mem[1].u_comp_ddr3.data_task: at time 5524876.0 ps INFO: READ @ DQS= bank = 0 row = 0000 col = 00000000 data = xxxx
sim_tb_top.mem_rnk[0].mem.gen_mem[0].u_comp_ddr3.data_task: at time 5525501.0 ps INFO: READ @ DQS= bank = 0 row = 0000 col = 00000001 data = xxxx
sim_tb_top.mem_rnk[0].mem.gen_mem[1].u_comp_ddr3.data_task: at time 5525501.0 ps INFO: READ @ DQS= bank = 0 row = 0000 col = 00000001 data = xxxx
sim_tb_top.mem_rnk[0].mem.gen_mem[0].u_comp_ddr3.data_task: at time 5526126.0 ps INFO: READ @ DQS= bank = 0 row = 0000 col = 00000002 data = xxxx
sim_tb_top.mem_rnk[0].mem.gen_mem[1].u_comp_ddr3.data_task: at time 5526126.0 ps INFO: READ @ DQS= bank = 0 row = 0000 col = 00000002 data = xxxx
sim_tb_top.mem_rnk[0].mem.gen_mem[0].u_comp_ddr3.data_task: at time 5526751.0 ps INFO: READ @ DQS= bank = 0 row = 0000 col = 00000003 data = xxxx
sim_tb_top.mem_rnk[0].mem.gen_mem[0].u_comp_ddr3.cmd_task: at time 5526751.0 ps INFO: Read      bank 0 col 000, auto precharge 0
sim_tb_top.mem_rnk[0].mem.gen_mem[1].u_comp_ddr3.data_task: at time 5526751.0 ps INFO: READ @ DQS= bank = 0 row = 0000 col = 00000003 data = xxxx
sim_tb_top.mem_rnk[0].mem.gen_mem[1].u_comp_ddr3.cmd_task: at time 5526751.0 ps INFO: Read      bank 0 col 000, auto precharge 0
sim_tb_top.mem_rnk[0].mem.gen_mem[0].u_comp_ddr3.data_task: at time 5527376.0 ps INFO: READ @ DQS= bank = 0 row = 0000 col = 00000004 data = xxxx
sim_tb_top.mem_rnk[0].mem.gen_mem[1].u_comp_ddr3.data_task: at time 5527376.0 ps INFO: READ @ DQS= bank = 0 row = 0000 col = 00000004 data = xxxx
sim_tb_top.mem_rnk[0].mem.gen_mem[0].u_comp_ddr3.data_task: at time 5528001.0 ps INFO: READ @ DQS= bank = 0 row = 0000 col = 00000005 data = xxxx
sim_tb_top.mem_rnk[0].mem.gen_mem[1].u_comp_ddr3.data_task: at time 5528001.0 ps INFO: READ @ DQS= bank = 0 row = 0000 col = 00000005 data = xxxx
sim_tb_top.mem_rnk[0].mem.gen_mem[0].u_comp_ddr3.data_task: at time 5528626.0 ps INFO: READ @ DQS= bank = 0 row = 0000 col = 00000006 data = xxxx
sim_tb_top.mem_rnk[0].mem.gen_mem[1].u_comp_ddr3.data_task: at time 5528626.0 ps INFO: READ @ DQS= bank = 0 row = 0000 col = 00000006 data = xxxx
sim_tb_top.mem_rnk[0].mem.gen_mem[0].u_comp_ddr3.data_task: at time 5529251.0 ps INFO: READ @ DQS= bank = 0 row = 0000 col = 00000007 data = xxxx
sim_tb_top.mem_rnk[0].mem.gen_mem[1].u_comp_ddr3.data_task: at time 5529251.0 ps INFO: READ @ DQS= bank = 0 row = 0000 col = 00000007 data = xxxx
sim_tb_top.mem_rnk[0].mem.gen_mem[0].u_comp_ddr3.data_task: at time 5529876.0 ps INFO: READ @ DQS= bank = 0 row = 0000 col = 00000000 data = xxxx
sim_tb_top.mem_rnk[0].mem.gen_mem[1].u_comp_ddr3.data_task: at time 5529876.0 ps INFO: READ @ DQS= bank = 0 row = 0000 col = 00000000 data = xxxx
sim_tb_top.mem_rnk[0].mem.gen_mem[0].u_comp_ddr3.data_task: at time 5530501.0 ps INFO: READ @ DQS= bank = 0 row = 0000 col = 00000001 data = xxxx
sim_tb_top.mem_rnk[0].mem.gen_mem[1].u_comp_ddr3.data_task: at time 5530501.0 ps INFO: READ @ DQS= bank = 0 row = 0000 col = 00000001 data = xxxx
sim_tb_top.mem_rnk[0].mem.gen_mem[0].u_comp_ddr3.data_task: at time 5531126.0 ps INFO: READ @ DQS= bank = 0 row = 0000 col = 00000002 data = xxxx
sim_tb_top.mem_rnk[0].mem.gen_mem[1].u_comp_ddr3.data_task: at time 5531126.0 ps INFO: READ @ DQS= bank = 0 row = 0000 col = 00000002 data = xxxx
sim_tb_top.mem_rnk[0].mem.gen_mem[0].u_comp_ddr3.data_task: at time 5531751.0 ps INFO: READ @ DQS= bank = 0 row = 0000 col = 00000003 data = xxxx
sim_tb_top.mem_rnk[0].mem.gen_mem[0].u_comp_ddr3.cmd_task: at time 5531751.0 ps INFO: Read      bank 0 col 000, auto precharge 0
sim_tb_top.mem_rnk[0].mem.gen_mem[1].u_comp_ddr3.data_task: at time 5531751.0 ps INFO: READ @ DQS= bank = 0 row = 0000 col = 00000003 data = xxxx
sim_tb_top.mem_rnk[0].mem.gen_mem[1].u_comp_ddr3.cmd_task: at time 5531751.0 ps INFO: Read      bank 0 col 000, auto precharge 0
sim_tb_top.mem_rnk[0].mem.gen_mem[0].u_comp_ddr3.data_task: at time 5532376.0 ps INFO: READ @ DQS= bank = 0 row = 0000 col = 00000004 data = xxxx
sim_tb_top.mem_rnk[0].mem.gen_mem[1].u_comp_ddr3.data_task: at time 5532376.0 ps INFO: READ @ DQS= bank = 0 row = 0000 col = 00000004 data = xxxx
sim_tb_top.mem_rnk[0].mem.gen_mem[0].u_comp_ddr3.data_task: at time 5533001.0 ps INFO: READ @ DQS= bank = 0 row = 0000 col = 00000005 data = xxxx
sim_tb_top.mem_rnk[0].mem.gen_mem[1].u_comp_ddr3.data_task: at time 5533001.0 ps INFO: READ @ DQS= bank = 0 row = 0000 col = 00000005 data = xxxx
sim_tb_top.mem_rnk[0].mem.gen_mem[0].u_comp_ddr3.data_task: at time 5533626.0 ps INFO: READ @ DQS= bank = 0 row = 0000 col = 00000006 data = xxxx
sim_tb_top.mem_rnk[0].mem.gen_mem[1].u_comp_ddr3.data_task: at time 5533626.0 ps INFO: READ @ DQS= bank = 0 row = 0000 col = 00000006 data = xxxx
sim_tb_top.mem_rnk[0].mem.gen_mem[0].u_comp_ddr3.data_task: at time 5534251.0 ps INFO: READ @ DQS= bank = 0 row = 0000 col = 00000007 data = xxxx
sim_tb_top.mem_rnk[0].mem.gen_mem[1].u_comp_ddr3.data_task: at time 5534251.0 ps INFO: READ @ DQS= bank = 0 row = 0000 col = 00000007 data = xxxx
sim_tb_top.mem_rnk[0].mem.gen_mem[0].u_comp_ddr3.data_task: at time 5534876.0 ps INFO: READ @ DQS= bank = 0 row = 0000 col = 00000000 data = xxxx
sim_tb_top.mem_rnk[0].mem.gen_mem[1].u_comp_ddr3.data_task: at time 5534876.0 ps INFO: READ @ DQS= bank = 0 row = 0000 col = 00000000 data = xxxx
sim_tb_top.mem_rnk[0].mem.gen_mem[0].u_comp_ddr3.data_task: at time 5535501.0 ps INFO: READ @ DQS= bank = 0 row = 0000 col = 00000001 data = xxxx
sim_tb_top.mem_rnk[0].mem.gen_mem[1].u_comp_ddr3.data_task: at time 5535501.0 ps INFO: READ @ DQS= bank = 0 row = 0000 col = 00000001 data = xxxx
sim_tb_top.mem_rnk[0].mem.gen_mem[0].u_comp_ddr3.data_task: at time 5536126.0 ps INFO: READ @ DQS= bank = 0 row = 0000 col = 00000002 data = xxxx
sim_tb_top.mem_rnk[0].mem.gen_mem[1].u_comp_ddr3.data_task: at time 5536126.0 ps INFO: READ @ DQS= bank = 0 row = 0000 col = 00000002 data = xxxx
sim_tb_top.mem_rnk[0].mem.gen_mem[0].u_comp_ddr3.data_task: at time 5536751.0 ps INFO: READ @ DQS= bank = 0 row = 0000 col = 00000003 data = xxxx
sim_tb_top.mem_rnk[0].mem.gen_mem[0].u_comp_ddr3.cmd_task: at time 5536751.0 ps INFO: Read      bank 0 col 000, auto precharge 0
sim_tb_top.mem_rnk[0].mem.gen_mem[1].u_comp_ddr3.data_task: at time 5536751.0 ps INFO: READ @ DQS= bank = 0 row = 0000 col = 00000003 data = xxxx
sim_tb_top.mem_rnk[0].mem.gen_mem[1].u_comp_ddr3.cmd_task: at time 5536751.0 ps INFO: Read      bank 0 col 000, auto precharge 0
sim_tb_top.mem_rnk[0].mem.gen_mem[0].u_comp_ddr3.data_task: at time 5537376.0 ps INFO: READ @ DQS= bank = 0 row = 0000 col = 00000004 data = xxxx
sim_tb_top.mem_rnk[0].mem.gen_mem[1].u_comp_ddr3.data_task: at time 5537376.0 ps INFO: READ @ DQS= bank = 0 row = 0000 col = 00000004 data = xxxx
sim_tb_top.mem_rnk[0].mem.gen_mem[0].u_comp_ddr3.data_task: at time 5538001.0 ps INFO: READ @ DQS= bank = 0 row = 0000 col = 00000005 data = xxxx
sim_tb_top.mem_rnk[0].mem.gen_mem[1].u_comp_ddr3.data_task: at time 5538001.0 ps INFO: READ @ DQS= bank = 0 row = 0000 col = 00000005 data = xxxx
sim_tb_top.mem_rnk[0].mem.gen_mem[0].u_comp_ddr3.data_task: at time 5538626.0 ps INFO: READ @ DQS= bank = 0 row = 0000 col = 00000006 data = xxxx
sim_tb_top.mem_rnk[0].mem.gen_mem[1].u_comp_ddr3.data_task: at time 5538626.0 ps INFO: READ @ DQS= bank = 0 row = 0000 col = 00000006 data = xxxx
sim_tb_top.mem_rnk[0].mem.gen_mem[0].u_comp_ddr3.data_task: at time 5539251.0 ps INFO: READ @ DQS= bank = 0 row = 0000 col = 00000007 data = xxxx
sim_tb_top.mem_rnk[0].mem.gen_mem[1].u_comp_ddr3.data_task: at time 5539251.0 ps INFO: READ @ DQS= bank = 0 row = 0000 col = 00000007 data = xxxx
sim_tb_top.mem_rnk[0].mem.gen_mem[0].u_comp_ddr3.data_task: at time 5539876.0 ps INFO: READ @ DQS= bank = 0 row = 0000 col = 00000000 data = xxxx
sim_tb_top.mem_rnk[0].mem.gen_mem[1].u_comp_ddr3.data_task: at time 5539876.0 ps INFO: READ @ DQS= bank = 0 row = 0000 col = 00000000 data = xxxx
sim_tb_top.mem_rnk[0].mem.gen_mem[0].u_comp_ddr3.data_task: at time 5540501.0 ps INFO: READ @ DQS= bank = 0 row = 0000 col = 00000001 data = xxxx
sim_tb_top.mem_rnk[0].mem.gen_mem[1].u_comp_ddr3.data_task: at time 5540501.0 ps INFO: READ @ DQS= bank = 0 row = 0000 col = 00000001 data = xxxx
sim_tb_top.mem_rnk[0].mem.gen_mem[0].u_comp_ddr3.data_task: at time 5541126.0 ps INFO: READ @ DQS= bank = 0 row = 0000 col = 00000002 data = xxxx
sim_tb_top.mem_rnk[0].mem.gen_mem[1].u_comp_ddr3.data_task: at time 5541126.0 ps INFO: READ @ DQS= bank = 0 row = 0000 col = 00000002 data = xxxx
sim_tb_top.mem_rnk[0].mem.gen_mem[0].u_comp_ddr3.data_task: at time 5541751.0 ps INFO: READ @ DQS= bank = 0 row = 0000 col = 00000003 data = xxxx
sim_tb_top.mem_rnk[0].mem.gen_mem[0].u_comp_ddr3.cmd_task: at time 5541751.0 ps INFO: Read      bank 0 col 000, auto precharge 0
sim_tb_top.mem_rnk[0].mem.gen_mem[1].u_comp_ddr3.data_task: at time 5541751.0 ps INFO: READ @ DQS= bank = 0 row = 0000 col = 00000003 data = xxxx
sim_tb_top.mem_rnk[0].mem.gen_mem[1].u_comp_ddr3.cmd_task: at time 5541751.0 ps INFO: Read      bank 0 col 000, auto precharge 0
sim_tb_top.mem_rnk[0].mem.gen_mem[0].u_comp_ddr3.data_task: at time 5542376.0 ps INFO: READ @ DQS= bank = 0 row = 0000 col = 00000004 data = xxxx
sim_tb_top.mem_rnk[0].mem.gen_mem[1].u_comp_ddr3.data_task: at time 5542376.0 ps INFO: READ @ DQS= bank = 0 row = 0000 col = 00000004 data = xxxx
sim_tb_top.mem_rnk[0].mem.gen_mem[0].u_comp_ddr3.data_task: at time 5543001.0 ps INFO: READ @ DQS= bank = 0 row = 0000 col = 00000005 data = xxxx
sim_tb_top.mem_rnk[0].mem.gen_mem[1].u_comp_ddr3.data_task: at time 5543001.0 ps INFO: READ @ DQS= bank = 0 row = 0000 col = 00000005 data = xxxx
sim_tb_top.mem_rnk[0].mem.gen_mem[0].u_comp_ddr3.data_task: at time 5543626.0 ps INFO: READ @ DQS= bank = 0 row = 0000 col = 00000006 data = xxxx
sim_tb_top.mem_rnk[0].mem.gen_mem[1].u_comp_ddr3.data_task: at time 5543626.0 ps INFO: READ @ DQS= bank = 0 row = 0000 col = 00000006 data = xxxx
sim_tb_top.mem_rnk[0].mem.gen_mem[0].u_comp_ddr3.data_task: at time 5544251.0 ps INFO: READ @ DQS= bank = 0 row = 0000 col = 00000007 data = xxxx
sim_tb_top.mem_rnk[0].mem.gen_mem[1].u_comp_ddr3.data_task: at time 5544251.0 ps INFO: READ @ DQS= bank = 0 row = 0000 col = 00000007 data = xxxx
sim_tb_top.mem_rnk[0].mem.gen_mem[0].u_comp_ddr3.data_task: at time 5544876.0 ps INFO: READ @ DQS= bank = 0 row = 0000 col = 00000000 data = xxxx
sim_tb_top.mem_rnk[0].mem.gen_mem[1].u_comp_ddr3.data_task: at time 5544876.0 ps INFO: READ @ DQS= bank = 0 row = 0000 col = 00000000 data = xxxx
sim_tb_top.mem_rnk[0].mem.gen_mem[0].u_comp_ddr3.data_task: at time 5545501.0 ps INFO: READ @ DQS= bank = 0 row = 0000 col = 00000001 data = xxxx
sim_tb_top.mem_rnk[0].mem.gen_mem[1].u_comp_ddr3.data_task: at time 5545501.0 ps INFO: READ @ DQS= bank = 0 row = 0000 col = 00000001 data = xxxx
sim_tb_top.mem_rnk[0].mem.gen_mem[0].u_comp_ddr3.data_task: at time 5546126.0 ps INFO: READ @ DQS= bank = 0 row = 0000 col = 00000002 data = xxxx
sim_tb_top.mem_rnk[0].mem.gen_mem[1].u_comp_ddr3.data_task: at time 5546126.0 ps INFO: READ @ DQS= bank = 0 row = 0000 col = 00000002 data = xxxx
sim_tb_top.mem_rnk[0].mem.gen_mem[0].u_comp_ddr3.data_task: at time 5546751.0 ps INFO: READ @ DQS= bank = 0 row = 0000 col = 00000003 data = xxxx
sim_tb_top.mem_rnk[0].mem.gen_mem[0].u_comp_ddr3.cmd_task: at time 5546751.0 ps INFO: Read      bank 0 col 000, auto precharge 0
sim_tb_top.mem_rnk[0].mem.gen_mem[1].u_comp_ddr3.data_task: at time 5546751.0 ps INFO: READ @ DQS= bank = 0 row = 0000 col = 00000003 data = xxxx
sim_tb_top.mem_rnk[0].mem.gen_mem[1].u_comp_ddr3.cmd_task: at time 5546751.0 ps INFO: Read      bank 0 col 000, auto precharge 0
sim_tb_top.mem_rnk[0].mem.gen_mem[0].u_comp_ddr3.data_task: at time 5547376.0 ps INFO: READ @ DQS= bank = 0 row = 0000 col = 00000004 data = xxxx
sim_tb_top.mem_rnk[0].mem.gen_mem[1].u_comp_ddr3.data_task: at time 5547376.0 ps INFO: READ @ DQS= bank = 0 row = 0000 col = 00000004 data = xxxx
sim_tb_top.mem_rnk[0].mem.gen_mem[0].u_comp_ddr3.data_task: at time 5548001.0 ps INFO: READ @ DQS= bank = 0 row = 0000 col = 00000005 data = xxxx
sim_tb_top.mem_rnk[0].mem.gen_mem[1].u_comp_ddr3.data_task: at time 5548001.0 ps INFO: READ @ DQS= bank = 0 row = 0000 col = 00000005 data = xxxx
sim_tb_top.mem_rnk[0].mem.gen_mem[0].u_comp_ddr3.data_task: at time 5548626.0 ps INFO: READ @ DQS= bank = 0 row = 0000 col = 00000006 data = xxxx
sim_tb_top.mem_rnk[0].mem.gen_mem[1].u_comp_ddr3.data_task: at time 5548626.0 ps INFO: READ @ DQS= bank = 0 row = 0000 col = 00000006 data = xxxx
sim_tb_top.mem_rnk[0].mem.gen_mem[0].u_comp_ddr3.data_task: at time 5549251.0 ps INFO: READ @ DQS= bank = 0 row = 0000 col = 00000007 data = xxxx
sim_tb_top.mem_rnk[0].mem.gen_mem[1].u_comp_ddr3.data_task: at time 5549251.0 ps INFO: READ @ DQS= bank = 0 row = 0000 col = 00000007 data = xxxx
sim_tb_top.mem_rnk[0].mem.gen_mem[0].u_comp_ddr3.data_task: at time 5549876.0 ps INFO: READ @ DQS= bank = 0 row = 0000 col = 00000000 data = xxxx
sim_tb_top.mem_rnk[0].mem.gen_mem[1].u_comp_ddr3.data_task: at time 5549876.0 ps INFO: READ @ DQS= bank = 0 row = 0000 col = 00000000 data = xxxx
sim_tb_top.mem_rnk[0].mem.gen_mem[0].u_comp_ddr3.data_task: at time 5550501.0 ps INFO: READ @ DQS= bank = 0 row = 0000 col = 00000001 data = xxxx
sim_tb_top.mem_rnk[0].mem.gen_mem[1].u_comp_ddr3.data_task: at time 5550501.0 ps INFO: READ @ DQS= bank = 0 row = 0000 col = 00000001 data = xxxx
sim_tb_top.mem_rnk[0].mem.gen_mem[0].u_comp_ddr3.data_task: at time 5551126.0 ps INFO: READ @ DQS= bank = 0 row = 0000 col = 00000002 data = xxxx
sim_tb_top.mem_rnk[0].mem.gen_mem[1].u_comp_ddr3.data_task: at time 5551126.0 ps INFO: READ @ DQS= bank = 0 row = 0000 col = 00000002 data = xxxx
sim_tb_top.mem_rnk[0].mem.gen_mem[0].u_comp_ddr3.data_task: at time 5551751.0 ps INFO: READ @ DQS= bank = 0 row = 0000 col = 00000003 data = xxxx
sim_tb_top.mem_rnk[0].mem.gen_mem[0].u_comp_ddr3.cmd_task: at time 5551751.0 ps INFO: Read      bank 0 col 000, auto precharge 0
sim_tb_top.mem_rnk[0].mem.gen_mem[1].u_comp_ddr3.data_task: at time 5551751.0 ps INFO: READ @ DQS= bank = 0 row = 0000 col = 00000003 data = xxxx
sim_tb_top.mem_rnk[0].mem.gen_mem[1].u_comp_ddr3.cmd_task: at time 5551751.0 ps INFO: Read      bank 0 col 000, auto precharge 0
sim_tb_top.mem_rnk[0].mem.gen_mem[0].u_comp_ddr3.data_task: at time 5552376.0 ps INFO: READ @ DQS= bank = 0 row = 0000 col = 00000004 data = xxxx
sim_tb_top.mem_rnk[0].mem.gen_mem[1].u_comp_ddr3.data_task: at time 5552376.0 ps INFO: READ @ DQS= bank = 0 row = 0000 col = 00000004 data = xxxx
sim_tb_top.mem_rnk[0].mem.gen_mem[0].u_comp_ddr3.data_task: at time 5553001.0 ps INFO: READ @ DQS= bank = 0 row = 0000 col = 00000005 data = xxxx
sim_tb_top.mem_rnk[0].mem.gen_mem[1].u_comp_ddr3.data_task: at time 5553001.0 ps INFO: READ @ DQS= bank = 0 row = 0000 col = 00000005 data = xxxx
sim_tb_top.mem_rnk[0].mem.gen_mem[0].u_comp_ddr3.data_task: at time 5553626.0 ps INFO: READ @ DQS= bank = 0 row = 0000 col = 00000006 data = xxxx
sim_tb_top.mem_rnk[0].mem.gen_mem[1].u_comp_ddr3.data_task: at time 5553626.0 ps INFO: READ @ DQS= bank = 0 row = 0000 col = 00000006 data = xxxx
sim_tb_top.mem_rnk[0].mem.gen_mem[0].u_comp_ddr3.data_task: at time 5554251.0 ps INFO: READ @ DQS= bank = 0 row = 0000 col = 00000007 data = xxxx
sim_tb_top.mem_rnk[0].mem.gen_mem[1].u_comp_ddr3.data_task: at time 5554251.0 ps INFO: READ @ DQS= bank = 0 row = 0000 col = 00000007 data = xxxx
sim_tb_top.mem_rnk[0].mem.gen_mem[0].u_comp_ddr3.data_task: at time 5554876.0 ps INFO: READ @ DQS= bank = 0 row = 0000 col = 00000000 data = xxxx
sim_tb_top.mem_rnk[0].mem.gen_mem[1].u_comp_ddr3.data_task: at time 5554876.0 ps INFO: READ @ DQS= bank = 0 row = 0000 col = 00000000 data = xxxx
sim_tb_top.mem_rnk[0].mem.gen_mem[0].u_comp_ddr3.data_task: at time 5555501.0 ps INFO: READ @ DQS= bank = 0 row = 0000 col = 00000001 data = xxxx
sim_tb_top.mem_rnk[0].mem.gen_mem[1].u_comp_ddr3.data_task: at time 5555501.0 ps INFO: READ @ DQS= bank = 0 row = 0000 col = 00000001 data = xxxx
sim_tb_top.mem_rnk[0].mem.gen_mem[0].u_comp_ddr3.data_task: at time 5556126.0 ps INFO: READ @ DQS= bank = 0 row = 0000 col = 00000002 data = xxxx
sim_tb_top.mem_rnk[0].mem.gen_mem[1].u_comp_ddr3.data_task: at time 5556126.0 ps INFO: READ @ DQS= bank = 0 row = 0000 col = 00000002 data = xxxx
sim_tb_top.mem_rnk[0].mem.gen_mem[0].u_comp_ddr3.data_task: at time 5556751.0 ps INFO: READ @ DQS= bank = 0 row = 0000 col = 00000003 data = xxxx
sim_tb_top.mem_rnk[0].mem.gen_mem[0].u_comp_ddr3.cmd_task: at time 5556751.0 ps INFO: Read      bank 0 col 000, auto precharge 0
sim_tb_top.mem_rnk[0].mem.gen_mem[1].u_comp_ddr3.data_task: at time 5556751.0 ps INFO: READ @ DQS= bank = 0 row = 0000 col = 00000003 data = xxxx
sim_tb_top.mem_rnk[0].mem.gen_mem[1].u_comp_ddr3.cmd_task: at time 5556751.0 ps INFO: Read      bank 0 col 000, auto precharge 0
sim_tb_top.mem_rnk[0].mem.gen_mem[0].u_comp_ddr3.data_task: at time 5557376.0 ps INFO: READ @ DQS= bank = 0 row = 0000 col = 00000004 data = xxxx
sim_tb_top.mem_rnk[0].mem.gen_mem[1].u_comp_ddr3.data_task: at time 5557376.0 ps INFO: READ @ DQS= bank = 0 row = 0000 col = 00000004 data = xxxx
sim_tb_top.mem_rnk[0].mem.gen_mem[0].u_comp_ddr3.data_task: at time 5558001.0 ps INFO: READ @ DQS= bank = 0 row = 0000 col = 00000005 data = xxxx
sim_tb_top.mem_rnk[0].mem.gen_mem[1].u_comp_ddr3.data_task: at time 5558001.0 ps INFO: READ @ DQS= bank = 0 row = 0000 col = 00000005 data = xxxx
sim_tb_top.mem_rnk[0].mem.gen_mem[0].u_comp_ddr3.data_task: at time 5558626.0 ps INFO: READ @ DQS= bank = 0 row = 0000 col = 00000006 data = xxxx
sim_tb_top.mem_rnk[0].mem.gen_mem[1].u_comp_ddr3.data_task: at time 5558626.0 ps INFO: READ @ DQS= bank = 0 row = 0000 col = 00000006 data = xxxx
sim_tb_top.mem_rnk[0].mem.gen_mem[0].u_comp_ddr3.data_task: at time 5559251.0 ps INFO: READ @ DQS= bank = 0 row = 0000 col = 00000007 data = xxxx
sim_tb_top.mem_rnk[0].mem.gen_mem[1].u_comp_ddr3.data_task: at time 5559251.0 ps INFO: READ @ DQS= bank = 0 row = 0000 col = 00000007 data = xxxx
sim_tb_top.mem_rnk[0].mem.gen_mem[0].u_comp_ddr3.data_task: at time 5559876.0 ps INFO: READ @ DQS= bank = 0 row = 0000 col = 00000000 data = xxxx
sim_tb_top.mem_rnk[0].mem.gen_mem[1].u_comp_ddr3.data_task: at time 5559876.0 ps INFO: READ @ DQS= bank = 0 row = 0000 col = 00000000 data = xxxx
sim_tb_top.mem_rnk[0].mem.gen_mem[0].u_comp_ddr3.data_task: at time 5560501.0 ps INFO: READ @ DQS= bank = 0 row = 0000 col = 00000001 data = xxxx
sim_tb_top.mem_rnk[0].mem.gen_mem[1].u_comp_ddr3.data_task: at time 5560501.0 ps INFO: READ @ DQS= bank = 0 row = 0000 col = 00000001 data = xxxx
sim_tb_top.mem_rnk[0].mem.gen_mem[0].u_comp_ddr3.data_task: at time 5561126.0 ps INFO: READ @ DQS= bank = 0 row = 0000 col = 00000002 data = xxxx
sim_tb_top.mem_rnk[0].mem.gen_mem[1].u_comp_ddr3.data_task: at time 5561126.0 ps INFO: READ @ DQS= bank = 0 row = 0000 col = 00000002 data = xxxx
sim_tb_top.mem_rnk[0].mem.gen_mem[0].u_comp_ddr3.data_task: at time 5561751.0 ps INFO: READ @ DQS= bank = 0 row = 0000 col = 00000003 data = xxxx
sim_tb_top.mem_rnk[0].mem.gen_mem[0].u_comp_ddr3.cmd_task: at time 5561751.0 ps INFO: Read      bank 0 col 000, auto precharge 0
sim_tb_top.mem_rnk[0].mem.gen_mem[1].u_comp_ddr3.data_task: at time 5561751.0 ps INFO: READ @ DQS= bank = 0 row = 0000 col = 00000003 data = xxxx
sim_tb_top.mem_rnk[0].mem.gen_mem[1].u_comp_ddr3.cmd_task: at time 5561751.0 ps INFO: Read      bank 0 col 000, auto precharge 0
sim_tb_top.mem_rnk[0].mem.gen_mem[0].u_comp_ddr3.data_task: at time 5562376.0 ps INFO: READ @ DQS= bank = 0 row = 0000 col = 00000004 data = xxxx
sim_tb_top.mem_rnk[0].mem.gen_mem[1].u_comp_ddr3.data_task: at time 5562376.0 ps INFO: READ @ DQS= bank = 0 row = 0000 col = 00000004 data = xxxx
sim_tb_top.mem_rnk[0].mem.gen_mem[0].u_comp_ddr3.data_task: at time 5563001.0 ps INFO: READ @ DQS= bank = 0 row = 0000 col = 00000005 data = xxxx
sim_tb_top.mem_rnk[0].mem.gen_mem[1].u_comp_ddr3.data_task: at time 5563001.0 ps INFO: READ @ DQS= bank = 0 row = 0000 col = 00000005 data = xxxx
sim_tb_top.mem_rnk[0].mem.gen_mem[0].u_comp_ddr3.data_task: at time 5563626.0 ps INFO: READ @ DQS= bank = 0 row = 0000 col = 00000006 data = xxxx
sim_tb_top.mem_rnk[0].mem.gen_mem[1].u_comp_ddr3.data_task: at time 5563626.0 ps INFO: READ @ DQS= bank = 0 row = 0000 col = 00000006 data = xxxx
sim_tb_top.mem_rnk[0].mem.gen_mem[0].u_comp_ddr3.data_task: at time 5564251.0 ps INFO: READ @ DQS= bank = 0 row = 0000 col = 00000007 data = xxxx
sim_tb_top.mem_rnk[0].mem.gen_mem[1].u_comp_ddr3.data_task: at time 5564251.0 ps INFO: READ @ DQS= bank = 0 row = 0000 col = 00000007 data = xxxx
sim_tb_top.mem_rnk[0].mem.gen_mem[0].u_comp_ddr3.data_task: at time 5564876.0 ps INFO: READ @ DQS= bank = 0 row = 0000 col = 00000000 data = xxxx
sim_tb_top.mem_rnk[0].mem.gen_mem[1].u_comp_ddr3.data_task: at time 5564876.0 ps INFO: READ @ DQS= bank = 0 row = 0000 col = 00000000 data = xxxx
sim_tb_top.mem_rnk[0].mem.gen_mem[0].u_comp_ddr3.data_task: at time 5565501.0 ps INFO: READ @ DQS= bank = 0 row = 0000 col = 00000001 data = xxxx
sim_tb_top.mem_rnk[0].mem.gen_mem[1].u_comp_ddr3.data_task: at time 5565501.0 ps INFO: READ @ DQS= bank = 0 row = 0000 col = 00000001 data = xxxx
sim_tb_top.mem_rnk[0].mem.gen_mem[0].u_comp_ddr3.data_task: at time 5566126.0 ps INFO: READ @ DQS= bank = 0 row = 0000 col = 00000002 data = xxxx
sim_tb_top.mem_rnk[0].mem.gen_mem[1].u_comp_ddr3.data_task: at time 5566126.0 ps INFO: READ @ DQS= bank = 0 row = 0000 col = 00000002 data = xxxx
sim_tb_top.mem_rnk[0].mem.gen_mem[0].u_comp_ddr3.data_task: at time 5566751.0 ps INFO: READ @ DQS= bank = 0 row = 0000 col = 00000003 data = xxxx
sim_tb_top.mem_rnk[0].mem.gen_mem[0].u_comp_ddr3.cmd_task: at time 5566751.0 ps INFO: Read      bank 0 col 000, auto precharge 0
sim_tb_top.mem_rnk[0].mem.gen_mem[1].u_comp_ddr3.data_task: at time 5566751.0 ps INFO: READ @ DQS= bank = 0 row = 0000 col = 00000003 data = xxxx
sim_tb_top.mem_rnk[0].mem.gen_mem[1].u_comp_ddr3.cmd_task: at time 5566751.0 ps INFO: Read      bank 0 col 000, auto precharge 0
sim_tb_top.mem_rnk[0].mem.gen_mem[0].u_comp_ddr3.data_task: at time 5567376.0 ps INFO: READ @ DQS= bank = 0 row = 0000 col = 00000004 data = xxxx
sim_tb_top.mem_rnk[0].mem.gen_mem[1].u_comp_ddr3.data_task: at time 5567376.0 ps INFO: READ @ DQS= bank = 0 row = 0000 col = 00000004 data = xxxx
sim_tb_top.mem_rnk[0].mem.gen_mem[0].u_comp_ddr3.data_task: at time 5568001.0 ps INFO: READ @ DQS= bank = 0 row = 0000 col = 00000005 data = xxxx
sim_tb_top.mem_rnk[0].mem.gen_mem[1].u_comp_ddr3.data_task: at time 5568001.0 ps INFO: READ @ DQS= bank = 0 row = 0000 col = 00000005 data = xxxx
sim_tb_top.mem_rnk[0].mem.gen_mem[0].u_comp_ddr3.data_task: at time 5568626.0 ps INFO: READ @ DQS= bank = 0 row = 0000 col = 00000006 data = xxxx
sim_tb_top.mem_rnk[0].mem.gen_mem[1].u_comp_ddr3.data_task: at time 5568626.0 ps INFO: READ @ DQS= bank = 0 row = 0000 col = 00000006 data = xxxx
sim_tb_top.mem_rnk[0].mem.gen_mem[0].u_comp_ddr3.data_task: at time 5569251.0 ps INFO: READ @ DQS= bank = 0 row = 0000 col = 00000007 data = xxxx
sim_tb_top.mem_rnk[0].mem.gen_mem[1].u_comp_ddr3.data_task: at time 5569251.0 ps INFO: READ @ DQS= bank = 0 row = 0000 col = 00000007 data = xxxx
sim_tb_top.mem_rnk[0].mem.gen_mem[0].u_comp_ddr3.data_task: at time 5569876.0 ps INFO: READ @ DQS= bank = 0 row = 0000 col = 00000000 data = xxxx
sim_tb_top.mem_rnk[0].mem.gen_mem[1].u_comp_ddr3.data_task: at time 5569876.0 ps INFO: READ @ DQS= bank = 0 row = 0000 col = 00000000 data = xxxx
sim_tb_top.mem_rnk[0].mem.gen_mem[0].u_comp_ddr3.data_task: at time 5570501.0 ps INFO: READ @ DQS= bank = 0 row = 0000 col = 00000001 data = xxxx
sim_tb_top.mem_rnk[0].mem.gen_mem[1].u_comp_ddr3.data_task: at time 5570501.0 ps INFO: READ @ DQS= bank = 0 row = 0000 col = 00000001 data = xxxx
sim_tb_top.mem_rnk[0].mem.gen_mem[0].u_comp_ddr3.data_task: at time 5571126.0 ps INFO: READ @ DQS= bank = 0 row = 0000 col = 00000002 data = xxxx
sim_tb_top.mem_rnk[0].mem.gen_mem[1].u_comp_ddr3.data_task: at time 5571126.0 ps INFO: READ @ DQS= bank = 0 row = 0000 col = 00000002 data = xxxx
sim_tb_top.mem_rnk[0].mem.gen_mem[0].u_comp_ddr3.data_task: at time 5571751.0 ps INFO: READ @ DQS= bank = 0 row = 0000 col = 00000003 data = xxxx
sim_tb_top.mem_rnk[0].mem.gen_mem[0].u_comp_ddr3.cmd_task: at time 5571751.0 ps INFO: Read      bank 0 col 000, auto precharge 0
sim_tb_top.mem_rnk[0].mem.gen_mem[1].u_comp_ddr3.data_task: at time 5571751.0 ps INFO: READ @ DQS= bank = 0 row = 0000 col = 00000003 data = xxxx
sim_tb_top.mem_rnk[0].mem.gen_mem[1].u_comp_ddr3.cmd_task: at time 5571751.0 ps INFO: Read      bank 0 col 000, auto precharge 0
sim_tb_top.mem_rnk[0].mem.gen_mem[0].u_comp_ddr3.data_task: at time 5572376.0 ps INFO: READ @ DQS= bank = 0 row = 0000 col = 00000004 data = xxxx
sim_tb_top.mem_rnk[0].mem.gen_mem[1].u_comp_ddr3.data_task: at time 5572376.0 ps INFO: READ @ DQS= bank = 0 row = 0000 col = 00000004 data = xxxx
sim_tb_top.mem_rnk[0].mem.gen_mem[0].u_comp_ddr3.data_task: at time 5573001.0 ps INFO: READ @ DQS= bank = 0 row = 0000 col = 00000005 data = xxxx
sim_tb_top.mem_rnk[0].mem.gen_mem[1].u_comp_ddr3.data_task: at time 5573001.0 ps INFO: READ @ DQS= bank = 0 row = 0000 col = 00000005 data = xxxx
sim_tb_top.mem_rnk[0].mem.gen_mem[0].u_comp_ddr3.data_task: at time 5573626.0 ps INFO: READ @ DQS= bank = 0 row = 0000 col = 00000006 data = xxxx
sim_tb_top.mem_rnk[0].mem.gen_mem[1].u_comp_ddr3.data_task: at time 5573626.0 ps INFO: READ @ DQS= bank = 0 row = 0000 col = 00000006 data = xxxx
sim_tb_top.mem_rnk[0].mem.gen_mem[0].u_comp_ddr3.data_task: at time 5574251.0 ps INFO: READ @ DQS= bank = 0 row = 0000 col = 00000007 data = xxxx
sim_tb_top.mem_rnk[0].mem.gen_mem[1].u_comp_ddr3.data_task: at time 5574251.0 ps INFO: READ @ DQS= bank = 0 row = 0000 col = 00000007 data = xxxx
sim_tb_top.mem_rnk[0].mem.gen_mem[0].u_comp_ddr3.data_task: at time 5574876.0 ps INFO: READ @ DQS= bank = 0 row = 0000 col = 00000000 data = xxxx
sim_tb_top.mem_rnk[0].mem.gen_mem[1].u_comp_ddr3.data_task: at time 5574876.0 ps INFO: READ @ DQS= bank = 0 row = 0000 col = 00000000 data = xxxx
sim_tb_top.mem_rnk[0].mem.gen_mem[0].u_comp_ddr3.data_task: at time 5575501.0 ps INFO: READ @ DQS= bank = 0 row = 0000 col = 00000001 data = xxxx
sim_tb_top.mem_rnk[0].mem.gen_mem[1].u_comp_ddr3.data_task: at time 5575501.0 ps INFO: READ @ DQS= bank = 0 row = 0000 col = 00000001 data = xxxx
sim_tb_top.mem_rnk[0].mem.gen_mem[0].u_comp_ddr3.data_task: at time 5576126.0 ps INFO: READ @ DQS= bank = 0 row = 0000 col = 00000002 data = xxxx
sim_tb_top.mem_rnk[0].mem.gen_mem[1].u_comp_ddr3.data_task: at time 5576126.0 ps INFO: READ @ DQS= bank = 0 row = 0000 col = 00000002 data = xxxx
sim_tb_top.mem_rnk[0].mem.gen_mem[0].u_comp_ddr3.data_task: at time 5576751.0 ps INFO: READ @ DQS= bank = 0 row = 0000 col = 00000003 data = xxxx
sim_tb_top.mem_rnk[0].mem.gen_mem[0].u_comp_ddr3.cmd_task: at time 5576751.0 ps INFO: Read      bank 0 col 000, auto precharge 0
sim_tb_top.mem_rnk[0].mem.gen_mem[1].u_comp_ddr3.data_task: at time 5576751.0 ps INFO: READ @ DQS= bank = 0 row = 0000 col = 00000003 data = xxxx
sim_tb_top.mem_rnk[0].mem.gen_mem[1].u_comp_ddr3.cmd_task: at time 5576751.0 ps INFO: Read      bank 0 col 000, auto precharge 0
sim_tb_top.mem_rnk[0].mem.gen_mem[0].u_comp_ddr3.data_task: at time 5577376.0 ps INFO: READ @ DQS= bank = 0 row = 0000 col = 00000004 data = xxxx
sim_tb_top.mem_rnk[0].mem.gen_mem[1].u_comp_ddr3.data_task: at time 5577376.0 ps INFO: READ @ DQS= bank = 0 row = 0000 col = 00000004 data = xxxx
sim_tb_top.mem_rnk[0].mem.gen_mem[0].u_comp_ddr3.data_task: at time 5578001.0 ps INFO: READ @ DQS= bank = 0 row = 0000 col = 00000005 data = xxxx
sim_tb_top.mem_rnk[0].mem.gen_mem[1].u_comp_ddr3.data_task: at time 5578001.0 ps INFO: READ @ DQS= bank = 0 row = 0000 col = 00000005 data = xxxx
sim_tb_top.mem_rnk[0].mem.gen_mem[0].u_comp_ddr3.data_task: at time 5578626.0 ps INFO: READ @ DQS= bank = 0 row = 0000 col = 00000006 data = xxxx
sim_tb_top.mem_rnk[0].mem.gen_mem[1].u_comp_ddr3.data_task: at time 5578626.0 ps INFO: READ @ DQS= bank = 0 row = 0000 col = 00000006 data = xxxx
sim_tb_top.mem_rnk[0].mem.gen_mem[0].u_comp_ddr3.data_task: at time 5579251.0 ps INFO: READ @ DQS= bank = 0 row = 0000 col = 00000007 data = xxxx
sim_tb_top.mem_rnk[0].mem.gen_mem[1].u_comp_ddr3.data_task: at time 5579251.0 ps INFO: READ @ DQS= bank = 0 row = 0000 col = 00000007 data = xxxx
sim_tb_top.mem_rnk[0].mem.gen_mem[0].u_comp_ddr3.data_task: at time 5579876.0 ps INFO: READ @ DQS= bank = 0 row = 0000 col = 00000000 data = xxxx
sim_tb_top.mem_rnk[0].mem.gen_mem[1].u_comp_ddr3.data_task: at time 5579876.0 ps INFO: READ @ DQS= bank = 0 row = 0000 col = 00000000 data = xxxx
sim_tb_top.mem_rnk[0].mem.gen_mem[0].u_comp_ddr3.data_task: at time 5580501.0 ps INFO: READ @ DQS= bank = 0 row = 0000 col = 00000001 data = xxxx
sim_tb_top.mem_rnk[0].mem.gen_mem[1].u_comp_ddr3.data_task: at time 5580501.0 ps INFO: READ @ DQS= bank = 0 row = 0000 col = 00000001 data = xxxx
sim_tb_top.mem_rnk[0].mem.gen_mem[0].u_comp_ddr3.data_task: at time 5581126.0 ps INFO: READ @ DQS= bank = 0 row = 0000 col = 00000002 data = xxxx
sim_tb_top.mem_rnk[0].mem.gen_mem[1].u_comp_ddr3.data_task: at time 5581126.0 ps INFO: READ @ DQS= bank = 0 row = 0000 col = 00000002 data = xxxx
sim_tb_top.mem_rnk[0].mem.gen_mem[0].u_comp_ddr3.data_task: at time 5581751.0 ps INFO: READ @ DQS= bank = 0 row = 0000 col = 00000003 data = xxxx
sim_tb_top.mem_rnk[0].mem.gen_mem[0].u_comp_ddr3.cmd_task: at time 5581751.0 ps INFO: Read      bank 0 col 000, auto precharge 0
sim_tb_top.mem_rnk[0].mem.gen_mem[1].u_comp_ddr3.data_task: at time 5581751.0 ps INFO: READ @ DQS= bank = 0 row = 0000 col = 00000003 data = xxxx
sim_tb_top.mem_rnk[0].mem.gen_mem[1].u_comp_ddr3.cmd_task: at time 5581751.0 ps INFO: Read      bank 0 col 000, auto precharge 0
sim_tb_top.mem_rnk[0].mem.gen_mem[0].u_comp_ddr3.data_task: at time 5582376.0 ps INFO: READ @ DQS= bank = 0 row = 0000 col = 00000004 data = xxxx
sim_tb_top.mem_rnk[0].mem.gen_mem[1].u_comp_ddr3.data_task: at time 5582376.0 ps INFO: READ @ DQS= bank = 0 row = 0000 col = 00000004 data = xxxx
sim_tb_top.mem_rnk[0].mem.gen_mem[0].u_comp_ddr3.data_task: at time 5583001.0 ps INFO: READ @ DQS= bank = 0 row = 0000 col = 00000005 data = xxxx
sim_tb_top.mem_rnk[0].mem.gen_mem[1].u_comp_ddr3.data_task: at time 5583001.0 ps INFO: READ @ DQS= bank = 0 row = 0000 col = 00000005 data = xxxx
sim_tb_top.mem_rnk[0].mem.gen_mem[0].u_comp_ddr3.data_task: at time 5583626.0 ps INFO: READ @ DQS= bank = 0 row = 0000 col = 00000006 data = xxxx
sim_tb_top.mem_rnk[0].mem.gen_mem[1].u_comp_ddr3.data_task: at time 5583626.0 ps INFO: READ @ DQS= bank = 0 row = 0000 col = 00000006 data = xxxx
PHY_INIT: Phaser_In Phase Locked at 5584162.0 ps
sim_tb_top.mem_rnk[0].mem.gen_mem[0].u_comp_ddr3.data_task: at time 5584251.0 ps INFO: READ @ DQS= bank = 0 row = 0000 col = 00000007 data = xxxx
sim_tb_top.mem_rnk[0].mem.gen_mem[1].u_comp_ddr3.data_task: at time 5584251.0 ps INFO: READ @ DQS= bank = 0 row = 0000 col = 00000007 data = xxxx
sim_tb_top.mem_rnk[0].mem.gen_mem[0].u_comp_ddr3.data_task: at time 5584876.0 ps INFO: READ @ DQS= bank = 0 row = 0000 col = 00000000 data = xxxx
sim_tb_top.mem_rnk[0].mem.gen_mem[1].u_comp_ddr3.data_task: at time 5584876.0 ps INFO: READ @ DQS= bank = 0 row = 0000 col = 00000000 data = xxxx
sim_tb_top.mem_rnk[0].mem.gen_mem[0].u_comp_ddr3.data_task: at time 5585501.0 ps INFO: READ @ DQS= bank = 0 row = 0000 col = 00000001 data = xxxx
sim_tb_top.mem_rnk[0].mem.gen_mem[1].u_comp_ddr3.data_task: at time 5585501.0 ps INFO: READ @ DQS= bank = 0 row = 0000 col = 00000001 data = xxxx
sim_tb_top.mem_rnk[0].mem.gen_mem[0].u_comp_ddr3.data_task: at time 5586126.0 ps INFO: READ @ DQS= bank = 0 row = 0000 col = 00000002 data = xxxx
sim_tb_top.mem_rnk[0].mem.gen_mem[1].u_comp_ddr3.data_task: at time 5586126.0 ps INFO: READ @ DQS= bank = 0 row = 0000 col = 00000002 data = xxxx
sim_tb_top.mem_rnk[0].mem.gen_mem[0].u_comp_ddr3.data_task: at time 5586751.0 ps INFO: READ @ DQS= bank = 0 row = 0000 col = 00000003 data = xxxx
sim_tb_top.mem_rnk[0].mem.gen_mem[0].u_comp_ddr3.cmd_task: at time 5586751.0 ps INFO: Read      bank 0 col 000, auto precharge 0
sim_tb_top.mem_rnk[0].mem.gen_mem[1].u_comp_ddr3.data_task: at time 5586751.0 ps INFO: READ @ DQS= bank = 0 row = 0000 col = 00000003 data = xxxx
sim_tb_top.mem_rnk[0].mem.gen_mem[1].u_comp_ddr3.cmd_task: at time 5586751.0 ps INFO: Read      bank 0 col 000, auto precharge 0
sim_tb_top.mem_rnk[0].mem.gen_mem[0].u_comp_ddr3.data_task: at time 5587376.0 ps INFO: READ @ DQS= bank = 0 row = 0000 col = 00000004 data = xxxx
sim_tb_top.mem_rnk[0].mem.gen_mem[1].u_comp_ddr3.data_task: at time 5587376.0 ps INFO: READ @ DQS= bank = 0 row = 0000 col = 00000004 data = xxxx
sim_tb_top.mem_rnk[0].mem.gen_mem[0].u_comp_ddr3.data_task: at time 5588001.0 ps INFO: READ @ DQS= bank = 0 row = 0000 col = 00000005 data = xxxx
sim_tb_top.mem_rnk[0].mem.gen_mem[1].u_comp_ddr3.data_task: at time 5588001.0 ps INFO: READ @ DQS= bank = 0 row = 0000 col = 00000005 data = xxxx
sim_tb_top.mem_rnk[0].mem.gen_mem[0].u_comp_ddr3.data_task: at time 5588626.0 ps INFO: READ @ DQS= bank = 0 row = 0000 col = 00000006 data = xxxx
sim_tb_top.mem_rnk[0].mem.gen_mem[1].u_comp_ddr3.data_task: at time 5588626.0 ps INFO: READ @ DQS= bank = 0 row = 0000 col = 00000006 data = xxxx
sim_tb_top.mem_rnk[0].mem.gen_mem[0].u_comp_ddr3.data_task: at time 5589251.0 ps INFO: READ @ DQS= bank = 0 row = 0000 col = 00000007 data = xxxx
sim_tb_top.mem_rnk[0].mem.gen_mem[1].u_comp_ddr3.data_task: at time 5589251.0 ps INFO: READ @ DQS= bank = 0 row = 0000 col = 00000007 data = xxxx
sim_tb_top.mem_rnk[0].mem.gen_mem[0].u_comp_ddr3.data_task: at time 5589876.0 ps INFO: READ @ DQS= bank = 0 row = 0000 col = 00000000 data = xxxx
sim_tb_top.mem_rnk[0].mem.gen_mem[1].u_comp_ddr3.data_task: at time 5589876.0 ps INFO: READ @ DQS= bank = 0 row = 0000 col = 00000000 data = xxxx
sim_tb_top.mem_rnk[0].mem.gen_mem[0].u_comp_ddr3.data_task: at time 5590501.0 ps INFO: READ @ DQS= bank = 0 row = 0000 col = 00000001 data = xxxx
sim_tb_top.mem_rnk[0].mem.gen_mem[1].u_comp_ddr3.data_task: at time 5590501.0 ps INFO: READ @ DQS= bank = 0 row = 0000 col = 00000001 data = xxxx
sim_tb_top.mem_rnk[0].mem.gen_mem[0].u_comp_ddr3.data_task: at time 5591126.0 ps INFO: READ @ DQS= bank = 0 row = 0000 col = 00000002 data = xxxx
sim_tb_top.mem_rnk[0].mem.gen_mem[1].u_comp_ddr3.data_task: at time 5591126.0 ps INFO: READ @ DQS= bank = 0 row = 0000 col = 00000002 data = xxxx
sim_tb_top.mem_rnk[0].mem.gen_mem[0].u_comp_ddr3.data_task: at time 5591751.0 ps INFO: READ @ DQS= bank = 0 row = 0000 col = 00000003 data = xxxx
sim_tb_top.mem_rnk[0].mem.gen_mem[0].u_comp_ddr3.cmd_task: at time 5591751.0 ps INFO: Read      bank 0 col 000, auto precharge 0
sim_tb_top.mem_rnk[0].mem.gen_mem[1].u_comp_ddr3.data_task: at time 5591751.0 ps INFO: READ @ DQS= bank = 0 row = 0000 col = 00000003 data = xxxx
sim_tb_top.mem_rnk[0].mem.gen_mem[1].u_comp_ddr3.cmd_task: at time 5591751.0 ps INFO: Read      bank 0 col 000, auto precharge 0
sim_tb_top.mem_rnk[0].mem.gen_mem[0].u_comp_ddr3.data_task: at time 5592376.0 ps INFO: READ @ DQS= bank = 0 row = 0000 col = 00000004 data = xxxx
sim_tb_top.mem_rnk[0].mem.gen_mem[1].u_comp_ddr3.data_task: at time 5592376.0 ps INFO: READ @ DQS= bank = 0 row = 0000 col = 00000004 data = xxxx
sim_tb_top.mem_rnk[0].mem.gen_mem[0].u_comp_ddr3.data_task: at time 5593001.0 ps INFO: READ @ DQS= bank = 0 row = 0000 col = 00000005 data = xxxx
sim_tb_top.mem_rnk[0].mem.gen_mem[1].u_comp_ddr3.data_task: at time 5593001.0 ps INFO: READ @ DQS= bank = 0 row = 0000 col = 00000005 data = xxxx
sim_tb_top.mem_rnk[0].mem.gen_mem[0].u_comp_ddr3.data_task: at time 5593626.0 ps INFO: READ @ DQS= bank = 0 row = 0000 col = 00000006 data = xxxx
sim_tb_top.mem_rnk[0].mem.gen_mem[1].u_comp_ddr3.data_task: at time 5593626.0 ps INFO: READ @ DQS= bank = 0 row = 0000 col = 00000006 data = xxxx
sim_tb_top.mem_rnk[0].mem.gen_mem[0].u_comp_ddr3.data_task: at time 5594251.0 ps INFO: READ @ DQS= bank = 0 row = 0000 col = 00000007 data = xxxx
sim_tb_top.mem_rnk[0].mem.gen_mem[1].u_comp_ddr3.data_task: at time 5594251.0 ps INFO: READ @ DQS= bank = 0 row = 0000 col = 00000007 data = xxxx
sim_tb_top.mem_rnk[0].mem.gen_mem[0].u_comp_ddr3.data_task: at time 5594876.0 ps INFO: READ @ DQS= bank = 0 row = 0000 col = 00000000 data = xxxx
sim_tb_top.mem_rnk[0].mem.gen_mem[1].u_comp_ddr3.data_task: at time 5594876.0 ps INFO: READ @ DQS= bank = 0 row = 0000 col = 00000000 data = xxxx
sim_tb_top.mem_rnk[0].mem.gen_mem[0].u_comp_ddr3.data_task: at time 5595501.0 ps INFO: READ @ DQS= bank = 0 row = 0000 col = 00000001 data = xxxx
sim_tb_top.mem_rnk[0].mem.gen_mem[1].u_comp_ddr3.data_task: at time 5595501.0 ps INFO: READ @ DQS= bank = 0 row = 0000 col = 00000001 data = xxxx
sim_tb_top.mem_rnk[0].mem.gen_mem[0].u_comp_ddr3.data_task: at time 5596126.0 ps INFO: READ @ DQS= bank = 0 row = 0000 col = 00000002 data = xxxx
sim_tb_top.mem_rnk[0].mem.gen_mem[1].u_comp_ddr3.data_task: at time 5596126.0 ps INFO: READ @ DQS= bank = 0 row = 0000 col = 00000002 data = xxxx
sim_tb_top.mem_rnk[0].mem.gen_mem[0].u_comp_ddr3.data_task: at time 5596751.0 ps INFO: READ @ DQS= bank = 0 row = 0000 col = 00000003 data = xxxx
sim_tb_top.mem_rnk[0].mem.gen_mem[0].u_comp_ddr3.cmd_task: at time 5596751.0 ps INFO: Read      bank 0 col 000, auto precharge 0
sim_tb_top.mem_rnk[0].mem.gen_mem[1].u_comp_ddr3.data_task: at time 5596751.0 ps INFO: READ @ DQS= bank = 0 row = 0000 col = 00000003 data = xxxx
sim_tb_top.mem_rnk[0].mem.gen_mem[1].u_comp_ddr3.cmd_task: at time 5596751.0 ps INFO: Read      bank 0 col 000, auto precharge 0
sim_tb_top.mem_rnk[0].mem.gen_mem[0].u_comp_ddr3.data_task: at time 5597376.0 ps INFO: READ @ DQS= bank = 0 row = 0000 col = 00000004 data = xxxx
sim_tb_top.mem_rnk[0].mem.gen_mem[1].u_comp_ddr3.data_task: at time 5597376.0 ps INFO: READ @ DQS= bank = 0 row = 0000 col = 00000004 data = xxxx
sim_tb_top.mem_rnk[0].mem.gen_mem[0].u_comp_ddr3.data_task: at time 5598001.0 ps INFO: READ @ DQS= bank = 0 row = 0000 col = 00000005 data = xxxx
sim_tb_top.mem_rnk[0].mem.gen_mem[1].u_comp_ddr3.data_task: at time 5598001.0 ps INFO: READ @ DQS= bank = 0 row = 0000 col = 00000005 data = xxxx
sim_tb_top.mem_rnk[0].mem.gen_mem[0].u_comp_ddr3.data_task: at time 5598626.0 ps INFO: READ @ DQS= bank = 0 row = 0000 col = 00000006 data = xxxx
sim_tb_top.mem_rnk[0].mem.gen_mem[1].u_comp_ddr3.data_task: at time 5598626.0 ps INFO: READ @ DQS= bank = 0 row = 0000 col = 00000006 data = xxxx
sim_tb_top.mem_rnk[0].mem.gen_mem[0].u_comp_ddr3.data_task: at time 5599251.0 ps INFO: READ @ DQS= bank = 0 row = 0000 col = 00000007 data = xxxx
sim_tb_top.mem_rnk[0].mem.gen_mem[1].u_comp_ddr3.data_task: at time 5599251.0 ps INFO: READ @ DQS= bank = 0 row = 0000 col = 00000007 data = xxxx
sim_tb_top.mem_rnk[0].mem.gen_mem[0].u_comp_ddr3.data_task: at time 5599876.0 ps INFO: READ @ DQS= bank = 0 row = 0000 col = 00000000 data = xxxx
sim_tb_top.mem_rnk[0].mem.gen_mem[1].u_comp_ddr3.data_task: at time 5599876.0 ps INFO: READ @ DQS= bank = 0 row = 0000 col = 00000000 data = xxxx
sim_tb_top.mem_rnk[0].mem.gen_mem[0].u_comp_ddr3.data_task: at time 5600501.0 ps INFO: READ @ DQS= bank = 0 row = 0000 col = 00000001 data = xxxx
sim_tb_top.mem_rnk[0].mem.gen_mem[1].u_comp_ddr3.data_task: at time 5600501.0 ps INFO: READ @ DQS= bank = 0 row = 0000 col = 00000001 data = xxxx
sim_tb_top.mem_rnk[0].mem.gen_mem[0].u_comp_ddr3.data_task: at time 5601126.0 ps INFO: READ @ DQS= bank = 0 row = 0000 col = 00000002 data = xxxx
sim_tb_top.mem_rnk[0].mem.gen_mem[1].u_comp_ddr3.data_task: at time 5601126.0 ps INFO: READ @ DQS= bank = 0 row = 0000 col = 00000002 data = xxxx
sim_tb_top.mem_rnk[0].mem.gen_mem[0].u_comp_ddr3.data_task: at time 5601751.0 ps INFO: READ @ DQS= bank = 0 row = 0000 col = 00000003 data = xxxx
sim_tb_top.mem_rnk[0].mem.gen_mem[0].u_comp_ddr3.cmd_task: at time 5601751.0 ps INFO: Read      bank 0 col 000, auto precharge 0
sim_tb_top.mem_rnk[0].mem.gen_mem[1].u_comp_ddr3.data_task: at time 5601751.0 ps INFO: READ @ DQS= bank = 0 row = 0000 col = 00000003 data = xxxx
sim_tb_top.mem_rnk[0].mem.gen_mem[1].u_comp_ddr3.cmd_task: at time 5601751.0 ps INFO: Read      bank 0 col 000, auto precharge 0
sim_tb_top.mem_rnk[0].mem.gen_mem[0].u_comp_ddr3.data_task: at time 5602376.0 ps INFO: READ @ DQS= bank = 0 row = 0000 col = 00000004 data = xxxx
sim_tb_top.mem_rnk[0].mem.gen_mem[1].u_comp_ddr3.data_task: at time 5602376.0 ps INFO: READ @ DQS= bank = 0 row = 0000 col = 00000004 data = xxxx
sim_tb_top.mem_rnk[0].mem.gen_mem[0].u_comp_ddr3.data_task: at time 5603001.0 ps INFO: READ @ DQS= bank = 0 row = 0000 col = 00000005 data = xxxx
sim_tb_top.mem_rnk[0].mem.gen_mem[1].u_comp_ddr3.data_task: at time 5603001.0 ps INFO: READ @ DQS= bank = 0 row = 0000 col = 00000005 data = xxxx
sim_tb_top.mem_rnk[0].mem.gen_mem[0].u_comp_ddr3.data_task: at time 5603626.0 ps INFO: READ @ DQS= bank = 0 row = 0000 col = 00000006 data = xxxx
sim_tb_top.mem_rnk[0].mem.gen_mem[1].u_comp_ddr3.data_task: at time 5603626.0 ps INFO: READ @ DQS= bank = 0 row = 0000 col = 00000006 data = xxxx
sim_tb_top.mem_rnk[0].mem.gen_mem[0].u_comp_ddr3.data_task: at time 5604251.0 ps INFO: READ @ DQS= bank = 0 row = 0000 col = 00000007 data = xxxx
sim_tb_top.mem_rnk[0].mem.gen_mem[1].u_comp_ddr3.data_task: at time 5604251.0 ps INFO: READ @ DQS= bank = 0 row = 0000 col = 00000007 data = xxxx
sim_tb_top.mem_rnk[0].mem.gen_mem[0].u_comp_ddr3.data_task: at time 5604876.0 ps INFO: READ @ DQS= bank = 0 row = 0000 col = 00000000 data = xxxx
sim_tb_top.mem_rnk[0].mem.gen_mem[1].u_comp_ddr3.data_task: at time 5604876.0 ps INFO: READ @ DQS= bank = 0 row = 0000 col = 00000000 data = xxxx
sim_tb_top.mem_rnk[0].mem.gen_mem[0].u_comp_ddr3.data_task: at time 5605501.0 ps INFO: READ @ DQS= bank = 0 row = 0000 col = 00000001 data = xxxx
sim_tb_top.mem_rnk[0].mem.gen_mem[1].u_comp_ddr3.data_task: at time 5605501.0 ps INFO: READ @ DQS= bank = 0 row = 0000 col = 00000001 data = xxxx
sim_tb_top.mem_rnk[0].mem.gen_mem[0].u_comp_ddr3.data_task: at time 5606126.0 ps INFO: READ @ DQS= bank = 0 row = 0000 col = 00000002 data = xxxx
sim_tb_top.mem_rnk[0].mem.gen_mem[1].u_comp_ddr3.data_task: at time 5606126.0 ps INFO: READ @ DQS= bank = 0 row = 0000 col = 00000002 data = xxxx
sim_tb_top.mem_rnk[0].mem.gen_mem[0].u_comp_ddr3.data_task: at time 5606751.0 ps INFO: READ @ DQS= bank = 0 row = 0000 col = 00000003 data = xxxx
sim_tb_top.mem_rnk[0].mem.gen_mem[0].u_comp_ddr3.cmd_task: at time 5606751.0 ps INFO: Read      bank 0 col 000, auto precharge 0
sim_tb_top.mem_rnk[0].mem.gen_mem[1].u_comp_ddr3.data_task: at time 5606751.0 ps INFO: READ @ DQS= bank = 0 row = 0000 col = 00000003 data = xxxx
sim_tb_top.mem_rnk[0].mem.gen_mem[1].u_comp_ddr3.cmd_task: at time 5606751.0 ps INFO: Read      bank 0 col 000, auto precharge 0
sim_tb_top.mem_rnk[0].mem.gen_mem[0].u_comp_ddr3.data_task: at time 5607376.0 ps INFO: READ @ DQS= bank = 0 row = 0000 col = 00000004 data = xxxx
sim_tb_top.mem_rnk[0].mem.gen_mem[1].u_comp_ddr3.data_task: at time 5607376.0 ps INFO: READ @ DQS= bank = 0 row = 0000 col = 00000004 data = xxxx
sim_tb_top.mem_rnk[0].mem.gen_mem[0].u_comp_ddr3.data_task: at time 5608001.0 ps INFO: READ @ DQS= bank = 0 row = 0000 col = 00000005 data = xxxx
sim_tb_top.mem_rnk[0].mem.gen_mem[1].u_comp_ddr3.data_task: at time 5608001.0 ps INFO: READ @ DQS= bank = 0 row = 0000 col = 00000005 data = xxxx
sim_tb_top.mem_rnk[0].mem.gen_mem[0].u_comp_ddr3.data_task: at time 5608626.0 ps INFO: READ @ DQS= bank = 0 row = 0000 col = 00000006 data = xxxx
sim_tb_top.mem_rnk[0].mem.gen_mem[1].u_comp_ddr3.data_task: at time 5608626.0 ps INFO: READ @ DQS= bank = 0 row = 0000 col = 00000006 data = xxxx
sim_tb_top.mem_rnk[0].mem.gen_mem[0].u_comp_ddr3.data_task: at time 5609251.0 ps INFO: READ @ DQS= bank = 0 row = 0000 col = 00000007 data = xxxx
sim_tb_top.mem_rnk[0].mem.gen_mem[1].u_comp_ddr3.data_task: at time 5609251.0 ps INFO: READ @ DQS= bank = 0 row = 0000 col = 00000007 data = xxxx
sim_tb_top.mem_rnk[0].mem.gen_mem[0].u_comp_ddr3.data_task: at time 5609876.0 ps INFO: READ @ DQS= bank = 0 row = 0000 col = 00000000 data = xxxx
sim_tb_top.mem_rnk[0].mem.gen_mem[1].u_comp_ddr3.data_task: at time 5609876.0 ps INFO: READ @ DQS= bank = 0 row = 0000 col = 00000000 data = xxxx
sim_tb_top.mem_rnk[0].mem.gen_mem[0].u_comp_ddr3.data_task: at time 5610501.0 ps INFO: READ @ DQS= bank = 0 row = 0000 col = 00000001 data = xxxx
sim_tb_top.mem_rnk[0].mem.gen_mem[1].u_comp_ddr3.data_task: at time 5610501.0 ps INFO: READ @ DQS= bank = 0 row = 0000 col = 00000001 data = xxxx
sim_tb_top.mem_rnk[0].mem.gen_mem[0].u_comp_ddr3.data_task: at time 5611126.0 ps INFO: READ @ DQS= bank = 0 row = 0000 col = 00000002 data = xxxx
sim_tb_top.mem_rnk[0].mem.gen_mem[1].u_comp_ddr3.data_task: at time 5611126.0 ps INFO: READ @ DQS= bank = 0 row = 0000 col = 00000002 data = xxxx
sim_tb_top.mem_rnk[0].mem.gen_mem[0].u_comp_ddr3.data_task: at time 5611751.0 ps INFO: READ @ DQS= bank = 0 row = 0000 col = 00000003 data = xxxx
sim_tb_top.mem_rnk[0].mem.gen_mem[0].u_comp_ddr3.cmd_task: at time 5611751.0 ps INFO: Read      bank 0 col 000, auto precharge 0
sim_tb_top.mem_rnk[0].mem.gen_mem[1].u_comp_ddr3.data_task: at time 5611751.0 ps INFO: READ @ DQS= bank = 0 row = 0000 col = 00000003 data = xxxx
sim_tb_top.mem_rnk[0].mem.gen_mem[1].u_comp_ddr3.cmd_task: at time 5611751.0 ps INFO: Read      bank 0 col 000, auto precharge 0
sim_tb_top.mem_rnk[0].mem.gen_mem[0].u_comp_ddr3.data_task: at time 5612376.0 ps INFO: READ @ DQS= bank = 0 row = 0000 col = 00000004 data = xxxx
sim_tb_top.mem_rnk[0].mem.gen_mem[1].u_comp_ddr3.data_task: at time 5612376.0 ps INFO: READ @ DQS= bank = 0 row = 0000 col = 00000004 data = xxxx
sim_tb_top.mem_rnk[0].mem.gen_mem[0].u_comp_ddr3.data_task: at time 5613001.0 ps INFO: READ @ DQS= bank = 0 row = 0000 col = 00000005 data = xxxx
sim_tb_top.mem_rnk[0].mem.gen_mem[1].u_comp_ddr3.data_task: at time 5613001.0 ps INFO: READ @ DQS= bank = 0 row = 0000 col = 00000005 data = xxxx
sim_tb_top.mem_rnk[0].mem.gen_mem[0].u_comp_ddr3.data_task: at time 5613626.0 ps INFO: READ @ DQS= bank = 0 row = 0000 col = 00000006 data = xxxx
sim_tb_top.mem_rnk[0].mem.gen_mem[1].u_comp_ddr3.data_task: at time 5613626.0 ps INFO: READ @ DQS= bank = 0 row = 0000 col = 00000006 data = xxxx
sim_tb_top.mem_rnk[0].mem.gen_mem[0].u_comp_ddr3.data_task: at time 5614251.0 ps INFO: READ @ DQS= bank = 0 row = 0000 col = 00000007 data = xxxx
sim_tb_top.mem_rnk[0].mem.gen_mem[1].u_comp_ddr3.data_task: at time 5614251.0 ps INFO: READ @ DQS= bank = 0 row = 0000 col = 00000007 data = xxxx
sim_tb_top.mem_rnk[0].mem.gen_mem[0].u_comp_ddr3.data_task: at time 5614876.0 ps INFO: READ @ DQS= bank = 0 row = 0000 col = 00000000 data = xxxx
sim_tb_top.mem_rnk[0].mem.gen_mem[1].u_comp_ddr3.data_task: at time 5614876.0 ps INFO: READ @ DQS= bank = 0 row = 0000 col = 00000000 data = xxxx
sim_tb_top.mem_rnk[0].mem.gen_mem[0].u_comp_ddr3.data_task: at time 5615501.0 ps INFO: READ @ DQS= bank = 0 row = 0000 col = 00000001 data = xxxx
sim_tb_top.mem_rnk[0].mem.gen_mem[1].u_comp_ddr3.data_task: at time 5615501.0 ps INFO: READ @ DQS= bank = 0 row = 0000 col = 00000001 data = xxxx
sim_tb_top.mem_rnk[0].mem.gen_mem[0].u_comp_ddr3.data_task: at time 5616126.0 ps INFO: READ @ DQS= bank = 0 row = 0000 col = 00000002 data = xxxx
sim_tb_top.mem_rnk[0].mem.gen_mem[1].u_comp_ddr3.data_task: at time 5616126.0 ps INFO: READ @ DQS= bank = 0 row = 0000 col = 00000002 data = xxxx
sim_tb_top.mem_rnk[0].mem.gen_mem[0].u_comp_ddr3.data_task: at time 5616751.0 ps INFO: READ @ DQS= bank = 0 row = 0000 col = 00000003 data = xxxx
sim_tb_top.mem_rnk[0].mem.gen_mem[0].u_comp_ddr3.cmd_task: at time 5616751.0 ps INFO: Read      bank 0 col 000, auto precharge 0
sim_tb_top.mem_rnk[0].mem.gen_mem[1].u_comp_ddr3.data_task: at time 5616751.0 ps INFO: READ @ DQS= bank = 0 row = 0000 col = 00000003 data = xxxx
sim_tb_top.mem_rnk[0].mem.gen_mem[1].u_comp_ddr3.cmd_task: at time 5616751.0 ps INFO: Read      bank 0 col 000, auto precharge 0
sim_tb_top.mem_rnk[0].mem.gen_mem[0].u_comp_ddr3.data_task: at time 5617376.0 ps INFO: READ @ DQS= bank = 0 row = 0000 col = 00000004 data = xxxx
sim_tb_top.mem_rnk[0].mem.gen_mem[1].u_comp_ddr3.data_task: at time 5617376.0 ps INFO: READ @ DQS= bank = 0 row = 0000 col = 00000004 data = xxxx
sim_tb_top.mem_rnk[0].mem.gen_mem[0].u_comp_ddr3.data_task: at time 5618001.0 ps INFO: READ @ DQS= bank = 0 row = 0000 col = 00000005 data = xxxx
sim_tb_top.mem_rnk[0].mem.gen_mem[1].u_comp_ddr3.data_task: at time 5618001.0 ps INFO: READ @ DQS= bank = 0 row = 0000 col = 00000005 data = xxxx
sim_tb_top.mem_rnk[0].mem.gen_mem[0].u_comp_ddr3.data_task: at time 5618626.0 ps INFO: READ @ DQS= bank = 0 row = 0000 col = 00000006 data = xxxx
sim_tb_top.mem_rnk[0].mem.gen_mem[1].u_comp_ddr3.data_task: at time 5618626.0 ps INFO: READ @ DQS= bank = 0 row = 0000 col = 00000006 data = xxxx
sim_tb_top.mem_rnk[0].mem.gen_mem[0].u_comp_ddr3.data_task: at time 5619251.0 ps INFO: READ @ DQS= bank = 0 row = 0000 col = 00000007 data = xxxx
sim_tb_top.mem_rnk[0].mem.gen_mem[1].u_comp_ddr3.data_task: at time 5619251.0 ps INFO: READ @ DQS= bank = 0 row = 0000 col = 00000007 data = xxxx
sim_tb_top.mem_rnk[0].mem.gen_mem[0].u_comp_ddr3.data_task: at time 5619876.0 ps INFO: READ @ DQS= bank = 0 row = 0000 col = 00000000 data = xxxx
sim_tb_top.mem_rnk[0].mem.gen_mem[1].u_comp_ddr3.data_task: at time 5619876.0 ps INFO: READ @ DQS= bank = 0 row = 0000 col = 00000000 data = xxxx
sim_tb_top.mem_rnk[0].mem.gen_mem[0].u_comp_ddr3.data_task: at time 5620501.0 ps INFO: READ @ DQS= bank = 0 row = 0000 col = 00000001 data = xxxx
sim_tb_top.mem_rnk[0].mem.gen_mem[1].u_comp_ddr3.data_task: at time 5620501.0 ps INFO: READ @ DQS= bank = 0 row = 0000 col = 00000001 data = xxxx
sim_tb_top.mem_rnk[0].mem.gen_mem[0].u_comp_ddr3.data_task: at time 5621126.0 ps INFO: READ @ DQS= bank = 0 row = 0000 col = 00000002 data = xxxx
sim_tb_top.mem_rnk[0].mem.gen_mem[1].u_comp_ddr3.data_task: at time 5621126.0 ps INFO: READ @ DQS= bank = 0 row = 0000 col = 00000002 data = xxxx
sim_tb_top.mem_rnk[0].mem.gen_mem[0].u_comp_ddr3.data_task: at time 5621751.0 ps INFO: READ @ DQS= bank = 0 row = 0000 col = 00000003 data = xxxx
sim_tb_top.mem_rnk[0].mem.gen_mem[1].u_comp_ddr3.data_task: at time 5621751.0 ps INFO: READ @ DQS= bank = 0 row = 0000 col = 00000003 data = xxxx
sim_tb_top.mem_rnk[0].mem.gen_mem[0].u_comp_ddr3.data_task: at time 5622376.0 ps INFO: READ @ DQS= bank = 0 row = 0000 col = 00000004 data = xxxx
sim_tb_top.mem_rnk[0].mem.gen_mem[1].u_comp_ddr3.data_task: at time 5622376.0 ps INFO: READ @ DQS= bank = 0 row = 0000 col = 00000004 data = xxxx
sim_tb_top.mem_rnk[0].mem.gen_mem[0].u_comp_ddr3.data_task: at time 5623001.0 ps INFO: READ @ DQS= bank = 0 row = 0000 col = 00000005 data = xxxx
sim_tb_top.mem_rnk[0].mem.gen_mem[1].u_comp_ddr3.data_task: at time 5623001.0 ps INFO: READ @ DQS= bank = 0 row = 0000 col = 00000005 data = xxxx
sim_tb_top.mem_rnk[0].mem.gen_mem[0].u_comp_ddr3.data_task: at time 5623626.0 ps INFO: READ @ DQS= bank = 0 row = 0000 col = 00000006 data = xxxx
sim_tb_top.mem_rnk[0].mem.gen_mem[1].u_comp_ddr3.data_task: at time 5623626.0 ps INFO: READ @ DQS= bank = 0 row = 0000 col = 00000006 data = xxxx
sim_tb_top.mem_rnk[0].mem.gen_mem[0].u_comp_ddr3.data_task: at time 5624251.0 ps INFO: READ @ DQS= bank = 0 row = 0000 col = 00000007 data = xxxx
sim_tb_top.mem_rnk[0].mem.gen_mem[1].u_comp_ddr3.data_task: at time 5624251.0 ps INFO: READ @ DQS= bank = 0 row = 0000 col = 00000007 data = xxxx
sim_tb_top.mem_rnk[0].mem.gen_mem[0].u_comp_ddr3.data_task: at time 5624876.0 ps INFO: READ @ DQS= bank = 0 row = 0000 col = 00000000 data = xxxx
sim_tb_top.mem_rnk[0].mem.gen_mem[1].u_comp_ddr3.data_task: at time 5624876.0 ps INFO: READ @ DQS= bank = 0 row = 0000 col = 00000000 data = xxxx
sim_tb_top.mem_rnk[0].mem.gen_mem[0].u_comp_ddr3.data_task: at time 5625501.0 ps INFO: READ @ DQS= bank = 0 row = 0000 col = 00000001 data = xxxx
sim_tb_top.mem_rnk[0].mem.gen_mem[1].u_comp_ddr3.data_task: at time 5625501.0 ps INFO: READ @ DQS= bank = 0 row = 0000 col = 00000001 data = xxxx
sim_tb_top.mem_rnk[0].mem.gen_mem[0].u_comp_ddr3.data_task: at time 5626126.0 ps INFO: READ @ DQS= bank = 0 row = 0000 col = 00000002 data = xxxx
sim_tb_top.mem_rnk[0].mem.gen_mem[1].u_comp_ddr3.data_task: at time 5626126.0 ps INFO: READ @ DQS= bank = 0 row = 0000 col = 00000002 data = xxxx
sim_tb_top.mem_rnk[0].mem.gen_mem[0].u_comp_ddr3.data_task: at time 5626751.0 ps INFO: READ @ DQS= bank = 0 row = 0000 col = 00000003 data = xxxx
sim_tb_top.mem_rnk[0].mem.gen_mem[1].u_comp_ddr3.data_task: at time 5626751.0 ps INFO: READ @ DQS= bank = 0 row = 0000 col = 00000003 data = xxxx
sim_tb_top.mem_rnk[0].mem.gen_mem[0].u_comp_ddr3.data_task: at time 5627376.0 ps INFO: READ @ DQS= bank = 0 row = 0000 col = 00000004 data = xxxx
sim_tb_top.mem_rnk[0].mem.gen_mem[1].u_comp_ddr3.data_task: at time 5627376.0 ps INFO: READ @ DQS= bank = 0 row = 0000 col = 00000004 data = xxxx
sim_tb_top.mem_rnk[0].mem.gen_mem[0].u_comp_ddr3.data_task: at time 5628001.0 ps INFO: READ @ DQS= bank = 0 row = 0000 col = 00000005 data = xxxx
sim_tb_top.mem_rnk[0].mem.gen_mem[1].u_comp_ddr3.data_task: at time 5628001.0 ps INFO: READ @ DQS= bank = 0 row = 0000 col = 00000005 data = xxxx
sim_tb_top.mem_rnk[0].mem.gen_mem[0].u_comp_ddr3.data_task: at time 5628626.0 ps INFO: READ @ DQS= bank = 0 row = 0000 col = 00000006 data = xxxx
sim_tb_top.mem_rnk[0].mem.gen_mem[1].u_comp_ddr3.data_task: at time 5628626.0 ps INFO: READ @ DQS= bank = 0 row = 0000 col = 00000006 data = xxxx
sim_tb_top.mem_rnk[0].mem.gen_mem[0].u_comp_ddr3.data_task: at time 5629251.0 ps INFO: READ @ DQS= bank = 0 row = 0000 col = 00000007 data = xxxx
sim_tb_top.mem_rnk[0].mem.gen_mem[1].u_comp_ddr3.data_task: at time 5629251.0 ps INFO: READ @ DQS= bank = 0 row = 0000 col = 00000007 data = xxxx
sim_tb_top.mem_rnk[0].mem.gen_mem[0].u_comp_ddr3.data_task: at time 5629876.0 ps INFO: READ @ DQS= bank = 0 row = 0000 col = 00000000 data = xxxx
sim_tb_top.mem_rnk[0].mem.gen_mem[1].u_comp_ddr3.data_task: at time 5629876.0 ps INFO: READ @ DQS= bank = 0 row = 0000 col = 00000000 data = xxxx
sim_tb_top.mem_rnk[0].mem.gen_mem[0].u_comp_ddr3.data_task: at time 5630501.0 ps INFO: READ @ DQS= bank = 0 row = 0000 col = 00000001 data = xxxx
sim_tb_top.mem_rnk[0].mem.gen_mem[1].u_comp_ddr3.data_task: at time 5630501.0 ps INFO: READ @ DQS= bank = 0 row = 0000 col = 00000001 data = xxxx
sim_tb_top.mem_rnk[0].mem.gen_mem[0].u_comp_ddr3.data_task: at time 5631126.0 ps INFO: READ @ DQS= bank = 0 row = 0000 col = 00000002 data = xxxx
sim_tb_top.mem_rnk[0].mem.gen_mem[1].u_comp_ddr3.data_task: at time 5631126.0 ps INFO: READ @ DQS= bank = 0 row = 0000 col = 00000002 data = xxxx
sim_tb_top.mem_rnk[0].mem.gen_mem[0].u_comp_ddr3.data_task: at time 5631751.0 ps INFO: READ @ DQS= bank = 0 row = 0000 col = 00000003 data = xxxx
sim_tb_top.mem_rnk[0].mem.gen_mem[1].u_comp_ddr3.data_task: at time 5631751.0 ps INFO: READ @ DQS= bank = 0 row = 0000 col = 00000003 data = xxxx
sim_tb_top.mem_rnk[0].mem.gen_mem[0].u_comp_ddr3.data_task: at time 5632376.0 ps INFO: READ @ DQS= bank = 0 row = 0000 col = 00000004 data = xxxx
sim_tb_top.mem_rnk[0].mem.gen_mem[1].u_comp_ddr3.data_task: at time 5632376.0 ps INFO: READ @ DQS= bank = 0 row = 0000 col = 00000004 data = xxxx
sim_tb_top.mem_rnk[0].mem.gen_mem[0].u_comp_ddr3.data_task: at time 5633001.0 ps INFO: READ @ DQS= bank = 0 row = 0000 col = 00000005 data = xxxx
sim_tb_top.mem_rnk[0].mem.gen_mem[1].u_comp_ddr3.data_task: at time 5633001.0 ps INFO: READ @ DQS= bank = 0 row = 0000 col = 00000005 data = xxxx
sim_tb_top.mem_rnk[0].mem.gen_mem[0].u_comp_ddr3.data_task: at time 5633626.0 ps INFO: READ @ DQS= bank = 0 row = 0000 col = 00000006 data = xxxx
sim_tb_top.mem_rnk[0].mem.gen_mem[1].u_comp_ddr3.data_task: at time 5633626.0 ps INFO: READ @ DQS= bank = 0 row = 0000 col = 00000006 data = xxxx
sim_tb_top.mem_rnk[0].mem.gen_mem[0].u_comp_ddr3.data_task: at time 5634251.0 ps INFO: READ @ DQS= bank = 0 row = 0000 col = 00000007 data = xxxx
sim_tb_top.mem_rnk[0].mem.gen_mem[1].u_comp_ddr3.data_task: at time 5634251.0 ps INFO: READ @ DQS= bank = 0 row = 0000 col = 00000007 data = xxxx
